भू,भ्वादि,सेट्,प०,भू सत्ता॑याम् 
एध्,भ्वादि,सेट्,आ०,एधँ॒ वृद्धौ॑  
स्पर्ध्,भ्वादि,सेट्,आ०,स्पर्धँ॒ सङ्घ॒र्षे  
गाध्,भ्वादि,सेट्,आ०,गाधृँ॒ प्रतिष्ठालि॒प्सयो॑र्ग्र॒न्थे च॑  
बाध्,भ्वादि,सेट्,आ०,बाधृँ॒ लोड॑ने (वि॒लोड॑ने)  
नाध्,भ्वादि,सेट्,आ०,नाधृँ॒ याच्ञोपतापैश्वर्या॒शीष्षु॑  
नाथ्,भ्वादि,सेट्,आ०,नाथृँ॒ याच्ञोपतापैश्वर्या॒शीष्षु॑  
दध्,भ्वादि,सेट्,आ०,दधँ॒ धार॑णे  
स्कुन्द्,भ्वादि,सेट्,आ०,स्कुदिँ॒ आ॒प्रव॑णे  
श्विन्द्,भ्वादि,सेट्,आ०,श्विदिँ॒ श्वैत्ये॑ 
वन्द्,भ्वादि,सेट्,आ०,वदिँ॒ अभिवादनस्तु॒त्योः  
भन्द्,भ्वादि,सेट्,आ०,भदिँ॒ क॒ल्याणे॑ सु॒खे च॑  
मन्द्,भ्वादि,सेट्,आ०,मदिँ॒ स्तुतिमोदमदस्वप्नकान्तिग॒तिषु॑  
स्पन्द्,भ्वादि,सेट्,आ०,स्पदिँ॒ किञ्चि॒च्चल॑ने  
क्लिन्द्,भ्वादि,सेट्,आ०,क्लिदिँ॒ परि॒देव॑ने  
मुद्,भ्वादि,सेट्,आ०,मुदँ॒ हर्षे॑  
दद्,भ्वादि,सेट्,आ०,ददँ॒ दा॒ने  
स्वद्,भ्वादि,सेट्,आ०,ष्वदँ॒ आ॒स्वाद॑ने  
स्वर्द्,भ्वादि,सेट्,आ०,स्वर्दँ॒ आ॒स्वाद॑ने  
उर्द्,भ्वादि,सेट्,आ०,उर्दँ॒ माने॑ क्री॒डायां॑ च  
कुर्द्,भ्वादि,सेट्,आ०,कुर्द॒ क्री॒डाया॑मे॒व  
खुर्द्,भ्वादि,सेट्,आ०,खुर्द॒ क्री॒डाया॑मे॒व  
गुर्द्,भ्वादि,सेट्,आ०,गुर्द॒ क्री॒डाया॑मे॒व (गुडक्री॒डाया॑मे॒व)  
गुद्,भ्वादि,सेट्,आ०,गुदँ॒ क्री॒डाया॑मे॒व  
सूद्,भ्वादि,सेट्,आ०,षूदँ॒ क्षर॑णे  
ह्राद्,भ्वादि,सेट्,आ०,ह्रादँ॒ अव्य॑क्ते॒ शब्दे॑  
ह्लाद्,भ्वादि,सेट्,आ०,ह्लादीँ॒ अव्य॑क्ते॒ शब्दे॑ सु॒खे च॑  
स्वाद्,भ्वादि,सेट्,आ०,स्वादँ॒ आ॒स्वाद॑ने  
पर्द्,भ्वादि,सेट्,आ०,पर्दँ॒ कुत्सि॒ते शब्दे॑  
यत्,भ्वादि,सेट्,आ०,यतीँ॒ प्रय॒त्ने  
युत्,भ्वादि,सेट्,आ०,युतृँ॒ भास॑णे  
जुत्,भ्वादि,सेट्,आ०,जुतृँ॒ भास॑णे  
विथ्,भ्वादि,सेट्,आ०,विथृँ॒ याच॑ने  
वेथ्,भ्वादि,सेट्,आ०,वेथृँ॒ याच॑ने  
श्रन्थ्,भ्वादि,सेट्,आ०,श्रथिँ॒ शैथि॑ल्ये  
ग्रन्थ्,भ्वादि,सेट्,आ०,ग्रथिँ॒ कौटि॑ल्ये  
कत्थ्,भ्वादि,सेट्,आ०,कत्थँ॒ श्ला॒घाया॑म्  
अत्,भ्वादि,सेट्,प०,अतँ सात॑त्यगमने  
चित्,भ्वादि,सेट्,प०,चितीँ स॒ञ्ज्ञाने॑  
च्युत्,भ्वादि,सेट्,प०,च्युतिँर् आ॒सेच॑ने  
श्चुत्,भ्वादि,सेट्,प०,श्चुतिँर् आ॒सेच॑ने इत्येके॑  
श्च्युत्,भ्वादि,सेट्,प०,श्च्युतिँर् क्षर॑णे  
ज्युत्,भ्वादि,सेट्,प०,ज्युतिँर् भास॑ने  
मन्थ्,भ्वादि,सेट्,प०,मन्थँ वि॒लोड॑ने  
कुन्थ्,भ्वादि,सेट्,प०,कुथिँ हिंसासङ्क्लेश॒नयोः॑  
पुन्थ्,भ्वादि,सेट्,प०,पुथिँ हिंसासङ्क्लेश॒नयोः॑  
लुन्थ्,भ्वादि,सेट्,प०,लुथिँ हिंसासङ्क्लेश॒नयोः॑  
मन्थ्,भ्वादि,सेट्,प०,मथिँ हिंसासङ्क्लेश॒नयोः॑  
सिध्,भ्वादि,सेट्,प०,षिधँ गत्या॑म्  
सिध्,भ्वादि,सेट्,प०,षिधूँ शा॒स्त्रे माङ्ग॑ल्ये च  
खाद्,भ्वादि,सेट्,प०,खादृँ भक्ष॑णे  
खद्,भ्वादि,सेट्,प०,खदँ स्थैर्ये॑ हिं॒सायां॑ च  
बद्,भ्वादि,सेट्,प०,बदँ स्थैर्ये॑  
गद्,भ्वादि,सेट्,प०,गदँ व्य॑क्तायां वा॒चि  
रद्,भ्वादि,सेट्,प०,रदँ वि॒लेख॑ने  
नद्,भ्वादि,सेट्,प०,णदँ अव्य॑क्ते॒ शब्दे॑  
नर्द्,भ्वादि,सेट्,प०,नर्दँ शब्दे॑  
गर्द्,भ्वादि,सेट्,प०,गर्दँ शब्दे॑  
तर्द्,भ्वादि,सेट्,प०,तर्दँ हिं॒साया॑म्  
कर्द्,भ्वादि,सेट्,प०,कर्दँ कुत्सि॒ते शब्दे॑  
खर्द्,भ्वादि,सेट्,प०,खर्दँ दन्द॒शूके॑  
अन्त्,भ्वादि,सेट्,प०,अतिँ बन्ध॑ने  
अन्द्,भ्वादि,सेट्,प०,अदिँ बन्ध॑ने  
इन्द्,भ्वादि,सेट्,प०,इदिँ परमैश्व॒र्ये  
बिन्द्,भ्वादि,सेट्,प०,बिदिँ अवय॒वे  
अर्द्,भ्वादि,सेट्,प०,अर्दँ गतौ॒ याच॑ने च  
भिन्द्,भ्वादि,सेट्,प०,भिदिँ अवय॒वे इत्येके॑  
गण्ड्,भ्वादि,सेट्,प०,गडिँ वदनैकदे॒शे  
निन्द्,भ्वादि,सेट्,प०,णिदिँ कु॒त्साया॑म्  
नन्द्,भ्वादि,सेट्,प०,टुनदिँ समृ॑द्धौ  
चन्द्,भ्वादि,सेट्,प०,चदिँ आह्ला॒दे दीप्तौ॑ च  
त्रन्द्,भ्वादि,सेट्,प०,त्रदिँ चे॒ष्टाया॑म्  
कन्द्,भ्वादि,सेट्,प०,कदिँ आः॒वाने॒ रोद॑ने च  
क्रन्द्,भ्वादि,सेट्,प०,क्रदिँ आः॒वाने॒ रोद॑ने च  
क्लन्द्,भ्वादि,सेट्,प०,क्लदिँ आः॒वाने॒ रोद॑ने च  
क्लिन्द्,भ्वादि,सेट्,प०,क्लिदिँ परि॒देव॑ने  
शुन्ध्,भ्वादि,सेट्,प०,शुन्धँ शुद्धौ॑  
शीक्,भ्वादि,सेट्,आ०,शीकृँ॒ सेच॑ने  
सीक्,भ्वादि,सेट्,आ०,सीकृँ॒ सेच॑ने इत्येके॑  
लोक्,भ्वादि,सेट्,आ०,लोकृँ॒ दर्श॑ने  
श्लोक्,भ्वादि,सेट्,आ०,श्लोकृँ॒ सङ्घा॒ते  
स्रोक्,भ्वादि,सेट्,आ०,स्रोकृँ॒ सङ्घा॒ते इति॑ पाठान्त॒रम्  
द्रेक्,भ्वादि,सेट्,आ०,द्रेकृँ॒ शब्दोत्साः॒अयोः॑  
ध्रेक्,भ्वादि,सेट्,आ०,ध्रेकृँ॒ शब्दोत्साः॒अयोः॑  
रेक्,भ्वादि,सेट्,आ०,रेकृँ॒ श॒ङ्काया॑म्  
सेक्,भ्वादि,सेट्,आ०,सेकृँ॒ गतौ॑  
स्रेक्,भ्वादि,सेट्,आ०,स्रेकृँ॒ गतौ॑  
स्रङ्क्,भ्वादि,सेट्,आ०,स्रकिँ॒ गतौ॑  
श्रङ्क्,भ्वादि,सेट्,आ०,श्रकिँ॒ गतौ॑  
श्लङ्क्,भ्वादि,सेट्,आ०,श्लकिँ॒ गतौ॑ 
शङ्क्,भ्वादि,सेट्,आ०,शकिँ॒ श॒ङ्काया॑म्  
अङ्क्,भ्वादि,सेट्,आ०,अकिँ॒ लक्ष॑णे  
वङ्क्,भ्वादि,सेट्,आ०,वकिँ॒ कौटि॑ल्ये  
मङ्क्,भ्वादि,सेट्,आ०,मकिँ॒ मण्ड॑ने  
कक्,भ्वादि,सेट्,आ०,ककँ॒ लौल्ये॑  
कुक्,भ्वादि,सेट्,आ०,कुकँ॒ आदा॒ने  
वृक्,भ्वादि,सेट्,आ०,वृकँ॒ आदा॒ने  
चक्,भ्वादि,सेट्,आ०,चकँ॒ तृप्तौ॑ प्रतिघा॒ते च॑  
कङ्क्,भ्वादि,सेट्,आ०,ककिँ॒ गत्य॑र्थः  
वङ्क्,भ्वादि,सेट्,आ०,वकिँ॒ गत्य॑र्थः  
श्वङ्क्,भ्वादि,सेट्,आ०,श्वकिँ॒ गत्य॑र्थः  
त्रङ्क्,भ्वादि,सेट्,आ०,त्रकिँ॒ गत्य॑र्थः  
ढौक्,भ्वादि,सेट्,आ०,ढौकृँ॒ गत्य॑र्थः  
त्रौक्,भ्वादि,सेट्,आ०,त्रौकृँ॒ गत्य॑र्थः  
ष्वष्क्,भ्वादि,सेट्,आ०,ष्वस्कँ॒ गत्य॑र्थः  
ष्वस्क्,भ्वादि,सेट्,आ०,ष्वस्कँ॒ गत्य॑र्थः  
स्वष्क्,भ्वादि,सेट्,आ०,ष्वस्कँ॒ गत्य॑र्थः  
स्वस्क्,भ्वादि,सेट्,आ०,ष्वस्कँ॒ गत्य॑र्थः  
वष्क्,भ्वादि,सेट्,आ०,वस्कँ॒ (वष्कँ॒) गत्य॑र्थः  
वस्क्,भ्वादि,सेट्,आ०,वस्कँ॒ (वष्कँ॒) गत्य॑र्थः  
मष्क्,भ्वादि,सेट्,आ०,मस्कँ॒ (मष्कँ॒) गत्य॑र्थः  
मस्क्,भ्वादि,सेट्,आ०,मस्कँ॒ (मष्कँ॒) गत्य॑र्थः  
टिक्,भ्वादि,सेट्,आ०,टिकृँ॒ गत्य॑र्थः  
टीक्,भ्वादि,सेट्,आ०,टीकृँ॒ गत्य॑र्थः  
तिक्,भ्वादि,सेट्,आ०,तिकृँ॒ गत्य॑र्थः  
तीक्,भ्वादि,सेट्,आ०,तीकृँ॒ गत्य॑र्थः  
रङ्घ्,भ्वादि,सेट्,आ०,रघिँ॒ गत्य॑र्थः  
लङ्घ्,भ्वादि,सेट्,आ०,लघिँ॒ गत्य॑र्थः    लघिँ॒ भोजननिवृ॒त्तावपि॑
स्वङ्क्,भ्वादि,सेट्,आ०,ष्वकिँ॒ गत्य॑र्थः इत्येके॑  
अङ्घ्,भ्वादि,सेट्,आ०,अघिँ॒ गत्याक्षे॒पे    गतौ॑ गत्यार॒म्भे चेत्यप॑रे
मे,भ्वादि,अनिट् ,आ०,मे॒ङ् प्रणिदा॒ने  
मङ्घ्,भ्वादि,सेट्,आ०,मघिँ॒ गत्याक्षे॒पे    गतौ॑ गत्यार॒म्भे चेत्यप॑रे    मघिँ॒ कैत॑वे च     
राघ्,भ्वादि,सेट्,आ०,राघृँ॒ साम॑र्थ्ये  
लाघ्,भ्वादि,सेट्,आ०,लाघृँ॒ साम॑र्थ्ये  
द्राघ्,भ्वादि,सेट्,आ०,द्राघृँ॒ साम॑र्थ्ये    द्राघृँ॒ आया॒मे च॑
घ्राघ्,भ्वादि,सेट्,आ०,ध्राघृँ॒ साम॑र्थ्ये इत्यपि॑ केचित्  
श्लाघ्,भ्वादि,सेट्,आ०,श्लाघृँ॒ कत्थ॑ने  
फक्क्,भ्वादि,सेट्,प०,फक्कँ नि॒चैर्ग॑तौ  
तक्,भ्वादि,सेट्,प०,तकँ हस॑ने  
तङ्क्,भ्वादि,सेट्,प०,तकिँ कृच्च्रजीव॒ने  
बुक्क्,भ्वादि,सेट्,प०,बुक्कँ भष॑णे  
शुक्,भ्वादि,सेट्,प०,शुकँ गतौ॑  
कख्,भ्वादि,सेट्,प०,कखँ हस॑ने  
ओख्,भ्वादि,सेट्,प०,ओखृँ शोषणालम॒र्थ्योः  
राख्,भ्वादि,सेट्,प०,राखृँ शोषणालम॒र्थ्योः  
लाख्,भ्वादि,सेट्,प०,लाखृँ शोषणालम॒र्थ्योः  
द्राख्,भ्वादि,सेट्,प०,द्राखृँ शोषणालम॒र्थ्योः  
ध्राख्,भ्वादि,सेट्,प०,ध्राखृँ शोषणालम॒र्थ्योः  
शाख्,भ्वादि,सेट्,प०,शाखृँ व्या॑प्तौ  
श्लाख्,भ्वादि,सेट्,प०,श्लाखृँ व्या॑प्तौ  
उख्,भ्वादि,सेट्,प०,उखँ गत्य॑र्थः  
उङ्ख्,भ्वादि,सेट्,प०,उखिँ गत्य॑र्थः  
वख्,भ्वादि,सेट्,प०,वखँ गत्य॑र्थः  
वङ्ख्,भ्वादि,सेट्,प०,वखिँ गत्य॑र्थः  
मख्,भ्वादि,सेट्,प०,मखँ गत्य॑र्थः  
मङ्ख्,भ्वादि,सेट्,प०,मखिँ गत्य॑र्थः  
नख्,भ्वादि,सेट्,प०,णखँ गत्य॑र्थः  
नङ्ख्,भ्वादि,सेट्,प०,णखिँ गत्य॑र्थः  
रख्,भ्वादि,सेट्,प०,रखँ गत्य॑र्थः  
रङ्ख्,भ्वादि,सेट्,प०,रखिँ गत्य॑र्थः  
लख्,भ्वादि,सेट्,प०,लखँ गत्य॑र्थः  
लङ्ख्,भ्वादि,सेट्,प०,लखिँ गत्य॑र्थः  
इख्,भ्वादि,सेट्,प०,इखँ गत्य॑र्थः  
इङ्ख्,भ्वादि,सेट्,प०,इखिँ गत्य॑र्थः  
ईख्,भ्वादि,सेट्,प०,ईखिँ गत्य॑र्थः  
ईङ्ख्,भ्वादि,सेट्,प०,ईखिँ गत्य॑र्थः  
वल्ग्,भ्वादि,सेट्,प०,वल्गँ गत्य॑र्थः  
रङ्ग्,भ्वादि,सेट्,प०,रगिँ गत्य॑र्थः  
लङ्ग्,भ्वादि,सेट्,प०,लगिँ गत्य॑र्थः  
अङ्ग्,भ्वादि,सेट्,प०,अगिँ गत्य॑र्थः  
वङ्ग्,भ्वादि,सेट्,प०,वगिँ गत्य॑र्थः  
मङ्ग्,भ्वादि,सेट्,प०,मगिँ गत्य॑र्थः  
तङ्ग्,भ्वादि,सेट्,प०,तगिँ गत्य॑र्थः  
त्वङ्ग्,भ्वादि,सेट्,प०,त्वगिँ गत्य॑र्थः    त्वगिँ कम्प॑ने च
त्रङ्ग्,भ्वादि,सेट्,प०,त्रगिँ गत्य॑र्थः  
श्रङ्ग्,भ्वादि,सेट्,प०,श्रगिँ (श्वगिँ ष्वगिँ) गत्य॑र्थः  
श्वङ्ग्,भ्वादि,सेट्,प०,श्रगिँ (श्वगिँ ष्वगिँ) गत्य॑र्थः  
स्वङ्ग्,भ्वादि,सेट्,प०,श्रगिँ (श्वगिँ ष्वगिँ) गत्य॑र्थः  
श्लङ्ग्,भ्वादि,सेट्,प०,श्लगिँ गत्य॑र्थः  
इङ्ग्,भ्वादि,सेट्,प०,इगिँ गत्य॑र्थः  
रिङ्ग्,भ्वादि,सेट्,प०,रिगिँ गत्य॑र्थः  
लिङ्ग्,भ्वादि,सेट्,प०,लिगिँ गत्य॑र्थाः  
मुङ्ख्,भ्वादि,सेट्,प०,मुखिँ गत्य॑र्थः इत्यपि॒ केचि॑त्  
थङ्क्,भ्वादि,सेट्,प०,थकिँ गत्य॑र्थः इत्यपि॒ केचि॑त्  
रिख्,भ्वादि,सेट्,प०,रिखँ गत्य॑र्थः इत्यपि॒ केचि॑त्  
रिङ्ख्,भ्वादि,सेट्,प०,रिखिँ गत्य॑र्थः इत्यपि॒ केचि॑त्  
लिख्,भ्वादि,सेट्,प०,लिखँ गत्य॑र्थः इत्यपि॒ केचि॑त्  
लिङ्ख्,भ्वादि,सेट्,प०,लिखिँ गत्य॑र्थः इत्यपि॒ केचि॑त्  
त्रख्,भ्वादि,सेट्,प०,त्रखँ गत्य॑र्थः इत्यपि॒ केचि॑त्  
त्रिङ्ख्,भ्वादि,सेट्,प०,त्रिखिँ गत्य॑र्थः इत्यपि॒ केचि॑त्  
शिङ्ख्,भ्वादि,सेट्,प०,शिखिँ गत्य॑र्थः इत्यपि॒ केचि॑त्  
युङ्ग्,भ्वादि,सेट्,प०,युगिँ वर्ज॑ने  
जुङ्ग्,भ्वादि,सेट्,प०,जुगिँ वर्ज॑ने  
बुङ्ग्,भ्वादि,सेट्,प०,बुगिँ वर्ज॑ने  
वुङ्ग्,भ्वादि,सेट्,प०,वुगिँ वर्ज॑ने इत्येके॑  
घघ्,भ्वादि,सेट्,प०,घघँ हस॑ने  
घग्घ्,भ्वादि,सेट्,प०,घग्घँ हस॑ने इत्येके॑  
दङ्घ्,भ्वादि,सेट्,प०,दघिँ पाल॑ने  
लङ्घ्,भ्वादि,सेट्,प०,लघिँ शोष॑णे (भा॒षायां॒ दीप्तौ॑ सीमातिक्र॒मे च॑)  
मङ्घ्,भ्वादि,सेट्,प०,मघिँ मण्ड॑ने  
शिङ्घ्,भ्वादि,सेट्,प०,शिघिँ आ॒घ्राणे॑  
अर्घ्,भ्वादि,सेट्,प०,अर्घँ मूल्ये॑  
वर्च्,भ्वादि,सेट्,आ०,वर्चँ॒ दीप्तौ॑  
सच्,भ्वादि,सेट्,आ०,षचँ॒ सेच॑ने॒ सेव॑ने च  
लोच्,भ्वादि,सेट्,आ०,लोचृँ॒ दर्श॑ने  
शच्,भ्वादि,सेट्,आ०,शचँ॒ व्य॑क्तायां वा॒चि  
श्वच्,भ्वादि,सेट्,आ०,श्वचँ॒ गतौ॑  
श्वञ्च्,भ्वादि,सेट्,आ०,श्वचिँ॒ गतौ॑  
कच्,भ्वादि,सेट्,आ०,कचँ॒ बन्ध॑ने  
कञ्च्,भ्वादि,सेट्,आ०,कचिँ॒ दीप्तिबन्ध॒नयोः॑  
काञ्च्,भ्वादि,सेट्,आ०,काचिँ॒ दीप्तिबन्ध॒नयोः॑  
मच्,भ्वादि,सेट्,आ०,मचँ॒ कल्क॑ने    कथ॑न॒ इत्य॒न्ये
मुञ्च्,भ्वादि,सेट्,आ०,मुचि॒ कल्क॑ने    कथ॑न॒ इत्य॒न्ये
मञ्च्,भ्वादि,सेट्,आ०,मचिँ॒ धारणोच्च्रायपूज॒नेषु॑  
पञ्च्,भ्वादि,सेट्,आ०,पचिँ॒ व्यक्ती॒कर॑णे  
स्तुच्,भ्वादि,सेट्,आ०,ष्टुचँ॒ प्रसा॒दे  
ऋज्,भ्वादि,सेट्,आ०,ऋजँ॒ गतिस्थानार्जनोपार्ज॒नेषु॑  
ऋञ्ज्,भ्वादि,सेट्,आ०,ऋजिँ॒ भर्ज॑ने  
भृज्,भ्वादि,सेट्,आ०,भृजीँ॒ भर्ज॑ने  
एज्,भ्वादि,सेट्,आ०,एजृँ॒ दीप्तौ॑  
भ्रेज्,भ्वादि,सेट्,आ०,भ्रेजृँ॒ दीप्तौ॑  
भ्राज्,भ्वादि,सेट्,आ०,भ्राजृँ॒ दीप्तौ॑  
रेज्,भ्वादि,सेट्,आ०,रेजृँ॒ दीप्तौ॑  
ईज्,भ्वादि,सेट्,आ०,ईज॒ गतिकुत्स॒नयोः॑  
ईञ्ज्,भ्वादि,सेट्,आ०,ईजिँ॒ गतिकुत्स॒नयोः॑ इत्येके॑  
वीज्,भ्वादि,सेट्,आ०,वीजँ॒ गतौ॑  
शुच्,भ्वादि,सेट्,प०,शुचँ शोके॑  
कुच्,भ्वादि,सेट्,प०,कुचँ शब्दे॑ ता॒रे  
कुञ्च्,भ्वादि,सेट्,प०,कुञ्चँ कौटिल्याल्पीभा॒वयोः॑  
क्रुञ्च्,भ्वादि,सेट्,प०,क्रुञ्चँ कौटिल्याल्पीभा॒वयोः॑  
लुञ्च्,भ्वादि,सेट्,प०,लुञ्चँ अप॒नय॑ने  
अञ्च्,भ्वादि,सेट्,प०,अञ्चुँ गतिपूज॒नयोः॑  
वञ्च्,भ्वादि,सेट्,प०,वञ्चुँ गत्य॑र्थः  
चञ्च्,भ्वादि,सेट्,प०,चञ्चुँ गत्य॑र्थः  
तञ्च्,भ्वादि,सेट्,प०,तञ्चुँ गत्य॑र्थः  
त्वञ्च्,भ्वादि,सेट्,प०,त्वञ्चुँ गत्य॑र्थः  
म्रुञ्च्,भ्वादि,सेट्,प०,म्रुञ्चुँ गत्य॑र्थः  
म्लुञ्च्,भ्वादि,सेट्,प०,म्लुञ्चुँ गत्य॑र्थः   
म्रुच्,भ्वादि,सेट्,प०,म्रुचुँ गत्य॑र्थः  
म्लुच्,भ्वादि,सेट्,प०,म्लुचुँ गत्य॑र्थाः  
ग्रुच्,भ्वादि,सेट्,प०,ग्रुचुँ स्तेयकर॒णे  
ग्लुच्,भ्वादि,सेट्,प०,ग्लुचुँ स्तेयकर॒णे  
कुज्,भ्वादि,सेट्,प०,कुजुँ स्तेयकर॒णे  
खुज्,भ्वादि,सेट्,प०,खुजुँ स्तेयकर॒णे  
ग्लुञ्च्,भ्वादि,सेट्,प०,ग्लुञ्चँ गतौ॑  
सज्ज्,भ्वादि,सेट्,प०/आ०,षस्जँ (षस्जँ॒) गतौ॑
सस्ज्,भ्वादि,सेट्,प०/आ०,षस्जँ (षस्जँ॒) गतौ॑
गुज्,भ्वादि,सेट्,प०,गुजँ अव्य॑क्ते॒ शब्दे॑  
गुञ्ज्,भ्वादि,सेट्,प०,गुजिँ अव्य॑क्ते॒ शब्दे॑  
अर्च्,भ्वादि,सेट्,प०,अर्चँ पू॒जाया॑म्  
म्लेच्,भ्वादि,सेट्,प०,म्लेचँ अव्य॑क्ते॒ शब्दे॑  
लच्,भ्वादि,सेट्,प०,लचँ लक्ष॑णे  
लाञ्च्,भ्वादि,सेट्,प०,लाचिँ लक्ष॑णे  
वाञ्च्,भ्वादि,सेट्,प०,वाचिँ इ॒च्चाया॑म्  
आञ्च्,भ्वादि,सेट्,प०,आचिँ आया॒मे  
ह्रीच्,भ्वादि,सेट्,प०,ह्रीचँ ल॒ज्जाया॑म्  
हुर्च्,भ्वादि,सेट्,प०,हुर्चाँ कौटि॑ल्ये  
मुर्च्,भ्वादि,सेट्,प०,मुर्चाँ मोहनसमुच्च्रा॒ययोः॑  
स्फुर्च्,भ्वादि,सेट्,प०,स्फुर्चाँ विस्तृ॑तौ  
युच्,भ्वादि,सेट्,प०,युचँ प्रमा॒दे  
उञ्च्,भ्वादि,सेट्,प०,उचिँ उ॒ञ्चे  
उच्,भ्वादि,सेट्,प०,उचीँ विवा॒से  
ध्रज्,भ्वादि,सेट्,प०,ध्रजँ गतौ॑  
ध्रञ्ज्,भ्वादि,सेट्,प०,ध्रजिँ गतौ॑  
व्रज्,भ्वादि,सेट्,प०,व्रजँ गतौ॑  
व्रञ्ज्,भ्वादि,सेट्,प०,व्रजिँ गतौ॑  
धृज्,भ्वादि,सेट्,प०,धृजँ गतौ॑  
धृञ्ज्,भ्वादि,सेट्,प०,धृजिँ गतौ॑  
ध्वज्,भ्वादि,सेट्,प०,ध्वजँ गतौ॑  
ध्वञ्ज्,भ्वादि,सेट्,प०,ध्वजिँ गतौ॑  
ध्रिज्,भ्वादि,सेट्,प०,ध्रिजँ गतौ॑ च
कूज्,भ्वादि,सेट्,प०,कूजँ अव्य॑क्ते॒ शब्दे॑  
कुञ्ज्,भ्वादि,सेट्,प०,कुजिँ अव्य॑क्ते॒ शब्दे॑  
अर्ज्,भ्वादि,सेट्,प०,अर्जँ अर्ज॑ने  
सर्ज्,भ्वादि,सेट्,प०,षर्जँ अर्ज॑ने  
गर्ज्,भ्वादि,सेट्,प०,गर्जँ शब्दे॑  
तर्ज्,भ्वादि,सेट्,प०,तर्जँ भर्त्स॑ने  
कर्ज्,भ्वादि,सेट्,प०,कर्जँ व्यथ॑ने  
खर्ज्,भ्वादि,सेट्,प०,खर्जँ व्यथ॑ने पूज॑ने च  
अज्,भ्वादि,सेट्,प०,अजँ गतिक्षप॒नयोः॑  
तेज्,भ्वादि,सेट्,प०,तेजँ पाल॑ने  
खज्,भ्वादि,सेट्,प०,खजँ म॒न्थे  
कज्,भ्वादि,सेट्,प०,कजँ मदे॑ इत्येके॑  
खञ्ज्,भ्वादि,सेट्,प०,खजिँ गतिवैक॒ल्ये  
एज्,भ्वादि,सेट्,प०,एजृँ कम्प॑ने  
स्फूर्ज्,भ्वादि,सेट्,प०,ट्वोँस्फूर्जाँ वज्रनिर्घो॒षे  
क्षि,भ्वादि,अनिट् ,प०,क्षि॒ क्ष॒ये  
क्षीज्,भ्वादि,सेट्,प०,क्षीजँ अव्य॑क्ते॒ शब्दे॑  
लज्,भ्वादि,सेट्,प०,लजँ भर्जने  
लञ्ज्,भ्वादि,सेट्,प०,लजिँ भर्जने  
लाज्,भ्वादि,सेट्,प०,लाजँ भर्जने भर्त्स॑ने च  
लाञ्ज्,भ्वादि,सेट्,प०,लाजिँ भर्जने भर्त्स॑ने च  
जज्,भ्वादि,सेट्,प०,जजँ यु॒द्धे  
जञ्ज्,भ्वादि,सेट्,प०,जजिँ यु॒द्धे  
तुज्,भ्वादि,सेट्,प०,तुजँ हिं॒साया॑म्  
तुञ्ज्,भ्वादि,सेट्,प०,तुजिँ पाल॑ने  
गज्,भ्वादि,सेट्,प०,गजँ शब्दा॑र्थः  
गञ्ज्,भ्वादि,सेट्,प०,गजिँ शब्दा॑र्थः  
गृज्,भ्वादि,सेट्,प०,गृजँ शब्दा॑र्थः    गजँ मद॑ने च
गृञ्ज्,भ्वादि,सेट्,प०,गृजिँ शब्दा॑र्थः  
मुज्,भ्वादि,सेट्,प०,मुजँ शब्दा॑र्थः  
मुञ्ज्,भ्वादि,सेट्,प०,मुजिँ शब्दा॑र्थाः  
वज्,भ्वादि,सेट्,प०,वजँ गतौ॑  
व्रज्,भ्वादि,सेट्,प०,व्रजँ गतौ॑  
अट्ट्,भ्वादि,सेट्,आ०,अट्टँ॒ अतिक्रमणहिंस॒नयोः॑ (अतिक्रमहिं॒सयोः॑)  
वेष्ट्,भ्वादि,सेट्,आ०,वेष्टँ॒ वेष्ट॑ने  
चेष्ट्,भ्वादि,सेट्,आ०,चेष्टँ॒ चे॒ष्टाया॑म्  
गोष्ट्,भ्वादि,सेट्,आ०,गोष्टँ॒ सङ्घा॒ते  
लोष्ट्,भ्वादि,सेट्,आ०,लोष्टँ॒ सङ्घा॒ते  
घट्ट्,भ्वादि,सेट्,आ०,घट्टँ॒ चल॑ने  
स्फुट्,भ्वादि,सेट्,आ०,स्फुटँ॒ वि॒कस॑ने  
अण्ठ्,भ्वादि,सेट्,आ०,अठिँ॒ गतौ॑  
वण्ठ्,भ्वादि,सेट्,आ०,वठिँ॒ एकच॒र्याया॑म्  
मण्ठ्,भ्वादि,सेट्,आ०,मठिँ॒ शोके॑  
कण्ठ्,भ्वादि,सेट्,आ०,कठिँ॒ शोके॑  
मुण्ठ्,भ्वादि,सेट्,आ०,मुठिँ॒ पाल॑ने  
हेठ्,भ्वादि,सेट्,आ०,हेठँ॒ विबा॒धाया॑म्  
एठ्,भ्वादि,सेट्,आ०,एठँ॒ च विबा॒धायां॑  
हिण्ड्,भ्वादि,सेट्,आ०,हिडिँ॒ गत्यनाद॒रयोः॑  
हुण्ड्,भ्वादि,सेट्,आ०,हुडिँ॒ सङ्घा॒ते  
कुण्ड्,भ्वादि,सेट्,आ०,कुडिँ॒ दाः॒ए  
वण्ड्,भ्वादि,सेट्,आ०,वडिँ॒ वि॒भाज॑ने  
मण्ड्,भ्वादि,सेट्,आ०,मडिँ॒ च वि॒भाज॑ने  
भण्ड्,भ्वादि,सेट्,आ०,भडिँ॒ परि॒भाष॑णे  
पिण्ड्,भ्वादि,सेट्,आ०,पिडिँ॒ सङ्घा॒ते  
मुण्ड्,भ्वादि,सेट्,आ०,मुडिँ॒ मार्ज॑ने  
तुण्ड्,भ्वादि,सेट्,आ०,तुडिँ॒ तोड॑ने  
हुण्ड्,भ्वादि,सेट्,आ०,हुडिँ॒ वर॑णे    हर॑ण॒ इत्येके॑
स्फुण्ड्,भ्वादि,सेट्,आ०,स्फुडिँ॒ वि॒कस॑ने  
चण्ड्,भ्वादि,सेट्,आ०,चडिँ॒ कोपे॑  
शण्ड्,भ्वादि,सेट्,आ०,शडिँ॒ रु॒जायां॑ सङ्घा॒ते च॑  
तण्ड्,भ्वादि,सेट्,आ०,तडिँ॒ ताड॑ने  
पण्ड्,भ्वादि,सेट्,आ०,पडिँ॒ गतौ॑  
कण्ड्,भ्वादि,सेट्,आ०,कडिँ॒ मदे॑  
खण्ड्,भ्वादि,सेट्,आ०,खडिँ॒ म॒न्थे  
हेड्,भ्वादि,सेट्,आ०,हेडृँ॒ अना॑दरे  
होड्,भ्वादि,सेट्,आ०,होडृँ॒ अना॑दरे  
बाड्,भ्वादि,सेट्,आ०,बाडृ॒ आप्ला॒व्ये॑  
वाड्,भ्वादि,सेट्,आ०,वाडृ॒ आप्ला॒व्ये॑ इत्येके॑  
द्राड्,भ्वादि,सेट्,आ०,द्राडृँ॒ वि॒शरे॑णे  
ध्राड्,भ्वादि,सेट्,आ०,ध्राडृँ॒ वि॒शरे॑णे  
शाड्,भ्वादि,सेट्,आ०,शाडृँ॒ श्ला॒घाया॑म्  
शौट्,भ्वादि,सेट्,प०,शौटृँ ग॒र्वे  
यौट्,भ्वादि,सेट्,प०,यौटृँ ब॒न्धे  
म्रेट्,भ्वादि,सेट्,प०,म्रेटृँ उन्मा॒दे  
म्रेड्,भ्वादि,सेट्,प०,म्रेडृँ उन्मा॒दे  
म्लेट्,भ्वादि,सेट्,प०,म्लेटृँ उन्मा॒दे इत्येके॑  
कट्,भ्वादि,सेट्,प०,कटेँ वर्षावर॒णयोः॑  
चट्,भ्वादि,सेट्,प०,चटेँ वर्षावर॒णयोः॑ इत्येके॑  
अट्,भ्वादि,सेट्,प०,अटँ गतौ॑  
पट्,भ्वादि,सेट्,प०,पटँ गतौ॑  
रट्,भ्वादि,सेट्,प०,रटँ परि॒भाष॑णे  
लट्,भ्वादि,सेट्,प०,लटँ बाल्ये॑  
शट्,भ्वादि,सेट्,प०,शटँ रुजाविशरणगत्यवसाद॒नेषु॑  
वट्,भ्वादि,सेट्,प०,वटँ वेष्ट॑ने  
किट्,भ्वादि,सेट्,प०,किटँ त्रा॒से  
खिट्,भ्वादि,सेट्,प०,खिटँ त्रा॒से  
शिट्,भ्वादि,सेट्,प०,शिटँ अना॑दरे  
सिट्,भ्वादि,सेट्,प०,षिटँ अना॑दरे  
जट्,भ्वादि,सेट्,प०,जटँ सङ्घा॒ते  
झट्,भ्वादि,सेट्,प०,झटँ सङ्घा॒ते  
भट्,भ्वादि,सेट्,प०,भटँ भृतौ॑  
तट्,भ्वादि,सेट्,प०,तटँ उच्च्रा॒ये  
खट्,भ्वादि,सेट्,प०,खटँ का॒ङ्क्षाया॑म्  
नट्,भ्वादि,सेट्,प०,णटँ (नटँ) नृतौ॑  
पिट्,भ्वादि,सेट्,प०,पिटँ शब्दसङ्घा॒तयोः॑  
हट्,भ्वादि,सेट्,प०,हटँ शब्दसङ्घा॒तयोः॑ दीप्तौ॑ (च)  
सट्,भ्वादि,सेट्,प०,षटँ अव॒यवे॑  
लुट्,भ्वादि,सेट्,प०,लुटँ वि॒लोड॑ने  
लुड्,भ्वादि,सेट्,प०,लुडँ वि॒लोड॑ने इत्येके॑  
चिट्,भ्वादि,सेट्,प०,चिटँ परप्रै॒ष्ये (परप्रे॒ष्ये)  
विट्,भ्वादि,सेट्,प०,विटँ शब्दे॑  
बिट्,भ्वादि,सेट्,प०,बिटँ आक्रो॒शे  
हिट्,भ्वादि,सेट्,प०,हिटँ आक्रो॒शे इत्येके॑  
इट्,भ्वादि,सेट्,प०,इटँ गतौ॑  
किट्,भ्वादि,सेट्,प०,किटँ गतौ॑  
कट्,भ्वादि,सेट्,प०,कटीँ गतौ॑  
हेठ्,भ्वादि,सेट्,प०,हेठँ विबा॒धाया॑म्
मण्ड्,भ्वादि,सेट्,प०,मडिँ भू॒षाया॑म्  
कुण्ड्,भ्वादि,सेट्,प०,कुडिँ वैक॑ल्ये  
कुण्ट्,भ्वादि,सेट्,प०,कुटिँ वैक॑ल्ये इत्येके॑  
मुड्,भ्वादि,सेट्,प०,मुडँ मुटँ मर्द॑ने (प्र॒मर्द॑ने)  
पुड्,भ्वादि,सेट्,प०,पुडँ पुटँ मर्द॑ने (प्र॒मर्द॑ने)  
मुट्,भ्वादि,सेट्,प०,मुटँ मर्द॑ने (प्र॒मर्द॑ने) इत्येके॑  
पुट्,भ्वादि,सेट्,प०,पुटँ मर्द॑ने (प्र॒मर्द॑ने) इत्येके॑  
चुण्ड्,भ्वादि,सेट्,प०,चुडिँ अल्पीभा॒वे  
मुण्ड्,भ्वादि,सेट्,प०,मुडिँ खण्ड॑ने  
पुण्ड्,भ्वादि,सेट्,प०,पुडिँ खण्ड॑ने चेत्येके॑  
रुण्ट्,भ्वादि,सेट्,प०,रुटिँ स्तेये॑  
लुण्ट्,भ्वादि,सेट्,प०,लुटिँ स्तेये॑  
रुण्ठ्,भ्वादि,सेट्,प०,रुठिँ स्तेये॑ इत्येके॑  
लुण्ठ्,भ्वादि,सेट्,प०,लुठिँ स्तेये॑ इत्येके॑  
रुण्ड्,भ्वादि,सेट्,प०,रुडिँ स्तेये॑ इत्यप॑रे  
लुण्ड्,भ्वादि,सेट्,प०,लुडिँ स्तेये॑ इत्यप॑रे  
वण्ट्,भ्वादि,सेट्,प०,वटिँ वि॒भाज॑ने  
बण्ट्,भ्वादि,सेट्,प०,बटिँ वि॒भाज॑ने इत्येके॑  
स्फुट्,भ्वादि,सेट्,प०,स्फुटिँर् वि॒शर॑णे  
स्फुण्ट्,भ्वादि,सेट्,प०,स्फुटिँ वि॒शर॑णे इत्यपि॒ केचि॑त्  
पठ्,भ्वादि,सेट्,प०,पठँ व्य॑क्तायां वा॒चि  
वठ्,भ्वादि,सेट्,प०,वठँ स्थौल्ये॑  
बठ्,भ्वादि,सेट्,प०,बठँ स्थौल्ये॑ इत्येके॑  
मठ्,भ्वादि,सेट्,प०,मठँ मदनिवा॒सयोः॑  
कठ्,भ्वादि,सेट्,प०,कठँ कृच्च्रजीव॒ने  
रठ्,भ्वादि,सेट्,प०,रठँ परि॒भाष॑णे  
रट्,भ्वादि,सेट्,प०,रटँ परि॒भाष॑णे इत्येके॑  
हठ्,भ्वादि,सेट्,प०,हठँ प्लुतिशठ॒त्वयोः॑    बलात्का॒र इत्य॒न्ये
रुठ्,भ्वादि,सेट्,प०,रुठँ उपघा॒ते  
लुठ्,भ्वादि,सेट्,प०,लुठँ उपघा॒ते  
ऊठ्,भ्वादि,सेट्,प०,ऊठँ उपघा॒ते  
उठ्,भ्वादि,सेट्,प०,उठँ उपघा॒ते इत्येके॑  
पिठ्,भ्वादि,सेट्,प०,पिठँ हिंसासङ्क्लेश॒नयोः॑  
शठ्,भ्वादि,सेट्,प०,शठँ हिंसासङ्क्लेश॒नयोः॑ कैत॑वे च  
शुठ्,भ्वादि,सेट्,प०,शुठँ गतिप्रतिघा॒ते (प्रतिघा॒ते)  
शुण्ठ्,भ्वादि,सेट्,प०,शुठिँ गतिप्रतिघा॒ते (प्रतिघा॒ते) इत्येके॑  
कुण्ठ्,भ्वादि,सेट्,प०,कुठिँ च गतिप्रतिघा॒ते (प्रतिघा॒ते) इत्येके॑  
लुण्ठ्,भ्वादि,सेट्,प०,लुठिँ आल॑स्ये प्रतिघा॒ते च॑  
शुण्ठ्,भ्वादि,सेट्,प०,शुठिँ शोष॑णे  
रुण्ठ्,भ्वादि,सेट्,प०,रुठिँ गतौ॑  
लुण्ठ्,भ्वादि,सेट्,प०,लुठिँ गतौ॑  
चुड्ड्,भ्वादि,सेट्,प०,चुड्डँ (चुद्डँ) भावकर॒णे  
चुद्ड्,भ्वादि,सेट्,प०,चुड्डँ (चुद्डँ) भावकर॒णे  
अड्ड्,भ्वादि,सेट्,प०,अड्डँ (अद्डँ) अभियो॒गे  
अद्ड्,भ्वादि,सेट्,प०,अड्डँ (अद्डँ) अभियो॒गे  
कड्ड्,भ्वादि,सेट्,प०,कड्डँ (कद्डँ) कार्क॑श्ये  
कद्ड्,भ्वादि,सेट्,प०,कड्डँ (कद्डँ) कार्क॑श्ये  
क्रीड्,भ्वादि,सेट्,प०,क्रीडृँ विहा॒रे  
तुड्,भ्वादि,सेट्,प०,तुडृँ तोड॑ने  
तूड्,भ्वादि,सेट्,प०,तूडृँ तोड॑ने इत्येके॑  
हुड्,भ्वादि,सेट्,प०,हुडृँ गतौ॑  
हूड्,भ्वादि,सेट्,प०,हूडृँ गतौ॑  
होड्,भ्वादि,सेट्,प०,होडृँ गतौ॑  
रौड्,भ्वादि,सेट्,प०,रौडृँ अना॑दरे  
रोड्,भ्वादि,सेट्,प०,रोडृँ उन्मा॒दे  
लोड्,भ्वादि,सेट्,प०,लोडृँ उन्मा॒दे  
अड्,भ्वादि,सेट्,प०,अडँ उद्य॒मे  
लड्,भ्वादि,सेट्,प०,लडँ विला॒से  
लल्,भ्वादि,सेट्,प०,ललँ विला॒से इत्येके॑ (ई॒प्साया॑म्)  
कड्,भ्वादि,सेट्,प०,कडँ मदे॑  
कण्ड्,भ्वादि,सेट्,प०,कडिँ मदे॑ इत्येके॑  
गण्ड्,भ्वादि,सेट्,प०,गडिँ वदनैकदे॒शे  
तिप्,भ्वादि,अनिट् ,आ०,ति॒पृँ॒ क्षर॑णार्थः  
तेप्,भ्वादि,सेट्,आ०,तेपृँ॒ क्षर॑णार्थः    तेपृँ॒ कम्प॑ने च
स्तिप्,भ्वादि,सेट्,आ०,ष्टिपृँ॒ क्षर॑णार्थः  
स्तेप्,भ्वादि,सेट्,आ०,ष्टेपृँ॒ क्षर॑णार्थः  
ग्लेप्,भ्वादि,सेट्,आ०,ग्लेपृँ॒ दैन्ये॑  
वेप्,भ्वादि,सेट्,आ०,टुवेपृ॒ कम्प॑ने  
केप्,भ्वादि,सेट्,आ०,केपृँ॒ कम्प॑ने च  
गेप,भ्वादि,सेट्,आ०,गेपृँ॒ कम्प॑ने च  
ग्लेप्,भ्वादि,सेट्,आ०,ग्लेपृँ॒ च कम्प॑ने  
मेप्,भ्वादि,सेट्,आ०,मेपृँ॒ गतौ॑  
रेप्,भ्वादि,सेट्,आ०,रेपृँ॒ गतौ॑  
लेप्,भ्वादि,सेट्,आ०,लेपृँ॒ गतौ॑  
हेप्,भ्वादि,सेट्,आ०,हेपृँ॒ च गतौ॑  
धेप्,भ्वादि,सेट्,आ०,धेपृँ॒ च गतौ॑  
त्रप्,भ्वादि,सेट्,आ०,त्रपूँ॒ष् ल॒ज्जाया॑म्  
कम्प्,भ्वादि,सेट्,आ०,कपिँ॒ चल॑ने  
रम्ब्,भ्वादि,सेट्,आ०,रबिँ॒ शब्दे॑  
लम्ब्,भ्वादि,सेट्,आ०,लबिँ॒ शब्दे॑  
अम्ब्,भ्वादि,सेट्,आ०,अबिँ॒ शब्दे॑  
लम्ब्,भ्वादि,सेट्,आ०,लबिँ॒ शब्दे॑ अव॒स्रंस॑ने (च)  
कब्,भ्वादि,सेट्,आ०,कबृँ॒ वर्णे॑  
क्लीब्,भ्वादि,सेट्,आ०,क्लीबृँ॒ अधा॑र्ष्ठ्ये  
क्षीब्,भ्वादि,सेट्,आ०,क्षीबृँ॒ मदे॑  
क्षीव्,भ्वादि,सेट्,आ०,क्षीवृँ॒ मदे॑ इत्येके॑  
शीभ्,भ्वादि,सेट्,आ०,शीभृँ॒ कत्थ॑ने च  
बीभ्,भ्वादि,सेट्,आ०,बीभृँ॒ कत्थ॑ने च  
चीभ्,भ्वादि,सेट्,आ०,चीभृँ॒ च कत्थ॑ने  
रेभ्,भ्वादि,सेट्,आ०,रेभृँ॒ शब्दे॑  
अम्भ्,भ्वादि,सेट्,आ०,अभिँ॒ शब्दे॑ क्व॑चित्पठ्यते  
रम्भ्,भ्वादि,सेट्,आ०,रभिँ॒ शब्दे॑ क्व॑चित्पठ्यते (इत्येके॑)  
लम्भ्,भ्वादि,सेट्,आ०,लभिँ॒ च शब्दे॑ क्व॑चित्पठ्यते  
स्तम्भ्,भ्वादि,सेट्,आ०,ष्टभिँ॒ प्रतिब॒न्धे  
स्कम्भ्,भ्वादि,सेट्,आ०,स्कभिँ॒ प्रतिब॒न्धे  
जभ्,भ्वादि,सेट्,आ०,जभीँ॒ गात्रविना॒मे  
जृम्भ्,भ्वादि,सेट्,आ०,जृभिँ॒ गात्रविना॒मे  
शल्भ्,भ्वादि,सेट्,आ०,शल्भँ॒ कत्थ॑ने  
वल्भ्,भ्वादि,सेट्,आ०,वल्भँ॒ भोज॑ने  
गल्भ्,भ्वादि,सेट्,आ०,गल्भँ॒ धार्ष्ट्ये॑  
श्रम्भ्,भ्वादि,सेट्,आ०,श्रम्भुँ॒ प्रमा॒दे  
स्रम्भ्,भ्वादि,सेट्,आ०,स्रम्भुँ॒ प्रमा॒दे इत्येके॑  
स्तुभ्,भ्वादि,सेट्,आ०,ष्टुभुँ॒ स्त॒म्भे  
गूप्,भ्वादि,सेट्,प०,गूपूँ रक्ष॑णे  
धूप्,भ्वादि,सेट्,प०,धूपँ सन्ता॒पे  
जप्,भ्वादि,सेट्,प०,जपँ व्य॑क्तायां वा॒चि    जपँ मान॒से च॑
जल्प्,भ्वादि,सेट्,प०,जल्पँ व्य॑क्तायां वा॒चि  
चप्,भ्वादि,सेट्,प०,चपँ सान्त्व॑ने  
सप्,भ्वादि,सेट्,प०,षपँ समवा॒ये  
रप्,भ्वादि,सेट्,प०,रपँ व्य॑क्तायां वा॒चि  
लप्,भ्वादि,सेट्,प०,लपँ व्य॑क्तायां वा॒चि  
चुप्,भ्वादि,सेट्,प०,चुपँ म॒न्दायां॒ गतौ॑  
तुप्,भ्वादि,सेट्,प०,तुपँ हिं॒सार्थः॑  
तुम्प्,भ्वादि,सेट्,प०,तुम्पँ हिं॒सार्थः॑  
त्रुप्,भ्वादि,सेट्,प०,त्रुपँ हिं॒सार्थः॑  
त्रुम्प्,भ्वादि,सेट्,प०,त्रुम्पँ हिं॒सार्थः॑  
तुफ्,भ्वादि,सेट्,प०,तुफँ हिं॒सार्थः॑  
तुम्फ्,भ्वादि,सेट्,प०,तुम्फँ हिं॒सार्थः॑  
त्रुफ्,भ्वादि,सेट्,प०,त्रुफँ हिं॒सार्थः॑  
त्रुम्फ्,भ्वादि,सेट्,प०,त्रुम्फँ हिं॒सार्थाः॑  
पर्प्,भ्वादि,सेट्,प०,पर्पँ गतौ॑  
रफ्,भ्वादि,सेट्,प०,रफँ गतौ॑  
रम्फ्,भ्वादि,सेट्,प०,रफिँ गतौ॑  
अर्ब्,भ्वादि,सेट्,प०,अर्बँ गतौ॑  
पर्ब्,भ्वादि,सेट्,प०,पर्बँ गतौ॑  
लर्ब्,भ्वादि,सेट्,प०,लर्बँ गतौ॑  
बर्ब्,भ्वादि,सेट्,प०,बर्बँ गतौ॑  
मर्ब्,भ्वादि,सेट्,प०,मर्बँ गतौ॑  
कर्ब्,भ्वादि,सेट्,प०,कर्बँ गतौ॑  
खर्ब्,भ्वादि,सेट्,प०,खर्बँ गतौ॑  
गर्ब्,भ्वादि,सेट्,प०,गर्बँ गतौ॑  
शर्ब्,भ्वादि,सेट्,प०,शर्बँ गतौ॑  
सर्ब्,भ्वादि,सेट्,प०,षर्बँ गतौ॑  
चर्ब्,भ्वादि,सेट्,प०,चर्बँ गतौ॑    चर्बँ अद॑ने च
कुम्ब्,भ्वादि,सेट्,प०,कुबिँ आच्चाद॑ने (चाद॑ने)  
लुम्ब्,भ्वादि,सेट्,प०,लुबिँ अर्द॑ने  
तुम्ब्,भ्वादि,सेट्,प०,तुबिँ अर्द॑ने  
चुम्ब्,भ्वादि,सेट्,प०,चुबिँ वक्त्रसंयो॒गे  
सृभ्,भ्वादि,सेट्,प०,षृभुँ हिं॒सार्थः  
सृम्भ्,भ्वादि,सेट्,प०,षृम्भुँ हिं॒सार्थौ॑  
सिभ्,भ्वादि,सेट्,प०,षिभुँ हिं॒सार्थः इत्येके॑  
सिम्भ्,भ्वादि,सेट्,प०,षिम्भुँ हिं॒सार्थः इत्येके॑  
शुभ्,भ्वादि,सेट्,प०,शुभँ भाष॑ने    भास॑न इत्येके॑    हिं॒साया॒मित्य॒न्ये     
शुम्भ्,भ्वादि,सेट्,प०,शुम्भँ भाष॑ने    भास॑न इत्येके॑    हिं॒साया॒मित्य॒न्ये     
घिण्ण्,भ्वादि,सेट्,आ०,घिणिँ॒ ग्रह॑णे  
घुण्ण्,भ्वादि,सेट्,आ०,घुणिँ॒ ग्रह॑णे  
घृण्ण्,भ्वादि,सेट्,आ०,घृणिँ॒ ग्रह॑णे  
घुण्,भ्वादि,सेट्,आ०,घुणँ॒ भ्रम॑णे  
घूर्ण्,भ्वादि,सेट्,आ०,घूर्णँ॒ भ्रम॑णे  
पण्,भ्वादि,सेट्,आ०,पणँ॒ व्यवहा॒रे स्तुतौ॑ च  
पन्,भ्वादि,सेट्,आ०,पनँ॒ च व्यवहा॒रे स्तुतौ॑ च  
भाम्,भ्वादि,सेट्,आ०,भामँ॒ क्रोधे॑  
क्षम्,भ्वादि,सेट्,आ०,क्षमूँ॒ष् सह॑ने  
कम्,भ्वादि,सेट्,आ०,कमुँ॒ कान्तौ॑  
अण्,भ्वादि,सेट्,प०,अणँ शब्दा॑र्थः  
रण्,भ्वादि,सेट्,प०,रणँ शब्दा॑र्थः  
वण्,भ्वादि,सेट्,प०,वणँ शब्दा॑र्थः  
भण्,भ्वादि,सेट्,प०,भणँ शब्दा॑र्थः  
मण्,भ्वादि,सेट्,प०,मणँ शब्दा॑र्थः  
कण्,भ्वादि,सेट्,प०,कणँ शब्दा॑र्थः  
क्वण्,भ्वादि,सेट्,प०,क्वणँ शब्दा॑र्थः  
ब्रण्,भ्वादि,सेट्,प०,व्रणँ (ब्रणँ) शब्दा॑र्थः  
व्रण्,भ्वादि,सेट्,प०,व्रणँ (ब्रणँ) शब्दा॑र्थः  
भ्रण्,भ्वादि,सेट्,प०,भ्रणँ शब्दा॑र्थः  
ध्वण्,भ्वादि,सेट्,प०,ध्वणँ शब्दा॑र्थाः  
धण्,भ्वादि,सेट्,प०,धणँ शब्दा॑र्थः इत्यपि॒ केचि॑त्  
ओण्,भ्वादि,सेट्,प०,ओणृँ अप॒नय॑ने  
शोण्,भ्वादि,सेट्,प०,शोणृँ वर्णग॒त्योः  
श्रोण्,भ्वादि,सेट्,प०,श्रोणृँ सङ्घा॒ते  
श्लोण्,भ्वादि,सेट्,प०,श्लोणृँ च सङ्घा॒ते  
पैण्,भ्वादि,सेट्,प०,पैणृँ गतिप्रेरणश्लेष॒णेषु॑  
प्रैण्,भ्वादि,सेट्,प०,प्रैणृँ इत्यपि॑ गतिप्रेरणश्लेष॒णेषु॑  
ध्रण्,भ्वादि,सेट्,प०,ध्रणँ शब्दे॑  
बण्,भ्वादि,सेट्,प०,बणँ शब्दे॑ इत्यपि॒ केचि॑त्  
कन्,भ्वादि,सेट्,प०,कनीँ दीप्तिकान्तिग॒तिषु॑  
स्तन्,भ्वादि,सेट्,प०,ष्टनँ शब्दे॑  
वन्,भ्वादि,सेट्,प०,वनँ शब्दे॑  
वन्,भ्वादि,सेट्,प०,वनँ सम्भ॑क्तौ  
सन्,भ्वादि,सेट्,प०,षनँ सम्भ॑क्तौ  
अम्,भ्वादि,सेट्,प०,अमँ गत्या॑दिषु (गतौ॒ शब्दे॑ सम्भ॑क्तौ॑ च)  
द्रम्,भ्वादि,सेट्,प०,द्रमँ गतौ॑  
हम्म्,भ्वादि,सेट्,प०,हम्मँ गतौ॑  
मीम्,भ्वादि,सेट्,प०,मीमृँ गतौ॑    मीमृँ शब्दे॑ च
चम्,भ्वादि,सेट्,प०,चमुँ अद॑ने  
चम्,भ्वादि,सेट्,प०,चमुँ अद॑ने  
जम्,भ्वादि,सेट्,प०,जमुँ अद॑ने  
झम्,भ्वादि,सेट्,प०,झमुँ अद॑ने  
जिम्,भ्वादि,सेट्,प०,जिमुँ अद॑ने इति॒ केचि॑त्  
क्रम्,भ्वादि,सेट्,प०,क्रमुँ पादविक्षे॒पे  
अय्,भ्वादि,सेट्,आ०,अयँ॒ गतौ॑  
वय्,भ्वादि,सेट्,आ०,वयँ॒ गतौ॑  
पय्,भ्वादि,सेट्,आ०,पयँ॒ गतौ॑  
मय्,भ्वादि,सेट्,आ०,मयँ॒ गतौ॑  
चय्,भ्वादि,सेट्,आ०,चयँ॒ गतौ॑  
तय्,भ्वादि,सेट्,आ०,तयँ॒ गतौ॑  
नय्,भ्वादि,सेट्,आ०,णयँ॒ गतौ॑    णयँ॒ रक्ष॑णे च
दय्,भ्वादि,सेट्,आ०,दयँ॒ दानगतिरक्षणहिंसादा॒नेषु॑  
रय्,भ्वादि,सेट्,आ०,रयँ॒ गतौ॑  
लय्,भ्वादि,सेट्,आ०,लयँ॒ च गतौ॑  
ऊय्,भ्वादि,सेट्,आ०,ऊयीँ॒ तन्तुसन्ता॒ने  
पूय्,भ्वादि,सेट्,आ०,पूयीँ॒ वि॒शर॑णे दुर्ग॒न्धे च॑  
क्नूय्,भ्वादि,सेट्,आ०,क्नूयीँ॒ शब्द॒ उन्दे॑ च  
क्ष्माय्,भ्वादि,सेट्,आ०,क्ष्मायीँ॒ वि॒धून॑ने  
स्फाय्,भ्वादि,सेट्,आ०,स्फायीँ॒ वृद्धौ॑  
प्याय्,भ्वादि,सेट्,आ०,ओँप्यायीँ॒ वृद्धौ॑  
ताय्,भ्वादि,सेट्,आ०,तायृँ॒ सन्तानपाल॒नयोः॑  
शल्,भ्वादि,सेट्,आ०,शलँ॒ चलनसंवर॒णयोः॑  
वल्,भ्वादि,सेट्,आ०,वल॒ (बल॒) सं॒वर॑णे स॒ञ्चल॑ने च  
वल्ल्,भ्वादि,सेट्,आ०,वल्लँ॒ सं॒वर॑णे स॒ञ्चल॑ने च  
मल्,भ्वादि,सेट्,आ०,मलँ॒ धार॑णे  
मल्ल्,भ्वादि,सेट्,आ०,मल्लँ॒ धार॑णे  
भल्,भ्वादि,सेट्,आ०,भलँ॒ (बलँ॒) परिभाषणहिंसादा॒नेषु॑  
भल्ल्,भ्वादि,सेट्,आ०,भल्लँ॒ परिभाषणहिंसादा॒नेषु॑  
कल्,भ्वादि,सेट्,आ०,कलँ॒ शब्दसङ्ख्या॒नयोः॑  
कल्ल्,भ्वादि,सेट्,आ०,कल्लँ॒ अव्य॑क्ते॒ शब्दे॑    अश॑ब्द॒ इत्येके॑
तेव्,भ्वादि,सेट्,आ०,तेवृँ॒ देव॑ने  
देव्,भ्वादि,सेट्,आ०,देवृँ॒ देव॑ने  
सेव्,भ्वादि,सेट्,आ०,षेवृँ॒ सेव॑ने  
गेव्,भ्वादि,सेट्,आ०,गेवृँ॒ सेव॑ने  
ग्लेव्,भ्वादि,सेट्,आ०,ग्लेवृँ॒ सेव॑ने  
पेव्,भ्वादि,सेट्,आ०,पेवृँ॒ सेव॑ने  
मेव्,भ्वादि,सेट्,आ०,मेवृँ॒ सेव॑ने  
म्लेव्,भ्वादि,सेट्,आ०,म्लेवृँ॒ सेव॑ने  
शेव्,भ्वादि,सेट्,आ०,शेवृँ॒ सेव॑ने इत्यप्येके॑  
खेव्,भ्वादि,सेट्,आ०,खेवृँ॒ सेव॑ने इत्यप्येके॑  
प्लेव्,भ्वादि,सेट्,आ०,प्लेवृँ॒ सेव॑ने इत्यप्येके॑  
केव्,भ्वादि,सेट्,आ०,केवृँ॒ सेव॑ने इत्यप्येके॑  
रेव्,भ्वादि,सेट्,आ०,रेवृँ॒ प्लव॒गतौ॑  
मव्य्,भ्वादि,सेट्,प०,मव्यँ बन्ध॑ने  
सूर्क्ष्य्,भ्वादि,सेट्,प०,षूर्क्ष्यँ (सूर्क्ष्यँ) ई॒र्ष्यार्थः॑  
ईर्क्ष्य्,भ्वादि,सेट्,प०,ईर्क्ष्यँ ई॒र्ष्यार्थः॑  
ईर्ष्य्,भ्वादि,सेट्,प०,ईर्ष्यँ ई॒र्ष्यार्थाः॑  
हय्,भ्वादि,सेट्,प०,हयँ गतौ॑  
शुच्य्,भ्वादि,सेट्,प०,शुच्यँ अभिष॒वे  
चुच्य्,भ्वादि,सेट्,प०,चुच्यँ अभिष॒वे इत्येके॑  
हय्,भ्वादि,सेट्,प०,हर्यँ गतिका॒न्त्योः  
अल्,भ्वादि,सेट्,प०,अलँ (अलँ॑) भूषणपर्याप्तिवा॒रणेषु॑     
फल्,भ्वादि,सेट्,प०,ञिफलाँ वि॒शर॑णे  
मील्,भ्वादि,सेट्,प०,मीलँ नि॒मेष॑णे  
श्मील्,भ्वादि,सेट्,प०,श्मीलँ नि॒मेष॑णे  
स्मील्,भ्वादि,सेट्,प०,स्मीलँ नि॒मेष॑णे  
क्ष्मील्,भ्वादि,सेट्,प०,क्ष्मीलँ नि॒मेष॑णे  
पील्,भ्वादि,सेट्,प०,पीलँ प्रतिष्ट॒म्भे  
नील्,भ्वादि,सेट्,प०,णीलँ वर्णे॑  
शील्,भ्वादि,सेट्,प०,शीलँ समा॒धौ  
कील्,भ्वादि,सेट्,प०,कीलँ बन्ध॑ने  
कूल्,भ्वादि,सेट्,प०,कूलँ आ॒वर॑णे  
शूल्,भ्वादि,सेट्,प०,शूलँ रु॒जायां॑ सङ्घा॒ते च॑  
तूल्,भ्वादि,सेट्,प०,तूलँ निष्क॒र्षे  
पूल्,भ्वादि,सेट्,प०,पूलँ सङ्घा॒ते  
मूल्,भ्वादि,सेट्,प०,मूलँ प्रति॒ष्ठाया॑म्  
फल्,भ्वादि,सेट्,प०,फलँ निष्प॑त्तौ  
चुल्ल्,भ्वादि,सेट्,प०,चुल्लँ भावकर॒णे  
फुल्ल्,भ्वादि,सेट्,प०,फुल्लँ वि॒कस॑ने  
चिल्ल्,भ्वादि,सेट्,प०,चिल्लँ शैथि॑ल्ये भावकर॒णे च॑  
तिल्,भ्वादि,सेट्,प०,तिलँ गतौ॑  
तिल्ल्,भ्वादि,सेट्,प०,तिल्लँ गतौ॑ इत्येके॑  
वेल्,भ्वादि,सेट्,प०,वेलृँ चल॑ने  
चेल्,भ्वादि,सेट्,प०,चेलृँ चल॑ने  
केल्,भ्वादि,सेट्,प०,केलृँ चल॑ने  
खेल्,भ्वादि,सेट्,प०,खेलृँ चल॑ने  
क्ष्वेल्,भ्वादि,सेट्,प०,क्ष्वेलृँ चल॑ने  
वेल्ल्,भ्वादि,सेट्,प०,वेल्लँ (वेह्लँ) चल॑ने  
वेह्ल्,भ्वादि,सेट्,प०,वेल्लँ (वेह्लँ) चल॑ने  
पल्ल्,भ्वादि,सेट्,प०,पेलृँ (पल्लँ) गतौ॑  
पेल्,भ्वादि,सेट्,प०,पेलृँ (पल्लँ) गतौ॑  
फेल्,भ्वादि,सेट्,प०,फेलृँ गतौ॑  
शेल्,भ्वादि,सेट्,प०,शेलृँ गतौ॑  
सेल्,भ्वादि,सेट्,प०,षेलृँ गतौ॑ इत्येके॑  
स्खल्,भ्वादि,सेट्,प०,स्खलँ स॒ञ्चल॑ने  
खल्,भ्वादि,सेट्,प०,खलँ स॒ञ्चल॑ने सञ्च॒ये (च)  
गल्,भ्वादि,सेट्,प०,गलँ अद॑ने (भक्ष॑णे स्रा॒वे च॑)  
सल्,भ्वादि,सेट्,प०,षलँ गतौ॑  
दल्,भ्वादि,सेट्,प०,दलँ वि॒शर॑णे  
श्वल्,भ्वादि,सेट्,प०,श्वलँ आशुगम॒ने  
श्वल्ल्,भ्वादि,सेट्,प०,श्वल्लँ आशुगम॒ने  
खोल्,भ्वादि,सेट्,प०,खोलृँ गतिप्रतिघा॒ते  
खोर्,भ्वादि,सेट्,प०,खोरृँ गतिप्रतिघा॒ते  
धोर्,भ्वादि,सेट्,प०,धोरृँ गतिचातु॒र्ये  
त्सर्,भ्वादि,सेट्,प०,त्सरँ चद्मग॒तौ  
क्मर्,भ्वादि,सेट्,प०,क्मरँ हूर्च॑ने  
अभ्र्,भ्वादि,सेट्,प०,अभ्रँ गत्य॑र्थः  
बभ्र्,भ्वादि,सेट्,प०,वभ्रँ (बभ्रँ) गत्य॑र्थः  
वभ्र्,भ्वादि,सेट्,प०,वभ्रँ (बभ्रँ) गत्य॑र्थः  
मभ्र्,भ्वादि,सेट्,प०,मभ्रँ  गत्य॑र्थः  
चर्,भ्वादि,सेट्,प०,चरँ गत्य॑र्थाः    चर॑ति॒र्भक्ष॑ण॒र्थोपिँ॑ (चरँ भक्ष॑णे च) (चर॑ति॒र्भक्ष॒णेपि॑)
ष्ठिव्,भ्वादि,सेट्,प०,ष्ठिवुँ नि॒रस॑ने  
जि,भ्वादि,अनिट् ,प०,जि ज॒ये  
जीव्,भ्वादि,सेट्,प०,जीवँ प्राणधार॒णे  
पीव्,भ्वादि,सेट्,प०,पीवँ स्थौल्ये॑  
मीव्,भ्वादि,सेट्,प०,मीवँ स्थौल्ये॑  
तीव्,भ्वादि,सेट्,प०,तीवँ स्थौल्ये॑  
नीव्,भ्वादि,सेट्,प०,णीवँ स्थौल्ये॑  
क्षिव्,भ्वादि,सेट्,प०,क्षिवुँ (क्षीवुँ) नि॒रस॑ने  
क्षेव्,भ्वादि,सेट्,प०,क्षेवुँ नि॒रस॑ने  
उर्व्,भ्वादि,सेट्,प०,उर्वीँ हिं॒सार्थः॑  
तुर्व्,भ्वादि,सेट्,प०,तुर्वी हिं॒सार्थः॑  
थुर्व्,भ्वादि,सेट्,प०,थुर्वी हिं॒सार्थः॑  
दुर्व्,भ्वादि,सेट्,प०,दुर्वीँ हिं॒सार्थः॑  
धुर्व्,भ्वादि,सेट्,प०,धुर्वीँ हिं॒सार्थाः॑  
गुर्व्,भ्वादि,सेट्,प०,गुर्वीँ उ॒द्यम॑ने  
मुर्व्,भ्वादि,सेट्,प०,मुर्वीँ बन्ध॑ने  
पुर्व्,भ्वादि,सेट्,प०,पुर्वँ (पूर्वँ) पूर॑णे  
पूर्व्,भ्वादि,सेट्,प०,पुर्वँ (पूर्वँ) पूर॑णे  
पर्व्,भ्वादि,सेट्,प०,पर्वँ पूर॑णे  
मर्व्,भ्वादि,सेट्,प०,मर्वँ पूर॑णे  
चर्व्,भ्वादि,सेट्,प०,चर्वँ अद॑ने  
भर्व्,भ्वादि,सेट्,प०,भर्वँ हिं॒साया॑म्  
भर्ब्,भ्वादि,सेट्,प०,भर्बँ हिं॒साया॑म् इत्येके॑  
भर्भ्,भ्वादि,सेट्,प०,भर्भँ हिं॒साया॑म् इत्य॒न्ये  
कर्व्,भ्वादि,सेट्,प०,कर्वँ दर्पे॑  
खर्व्,भ्वादि,सेट्,प०,खर्वँ दर्पे॑  
गर्व्,भ्वादि,सेट्,प०,गर्वँ दर्पे॑  
अर्व्,भ्वादि,सेट्,प०,अर्वँ हिं॒साया॑म्  
शर्व्,भ्वादि,सेट्,प०,शर्वँ हिं॒साया॑म्  
सर्व्,भ्वादि,सेट्,प०,षर्वँ हिं॒साया॑म्  
इन्व्,भ्वादि,सेट्,प०,इविँ व्याप्तौ॑  
पिन्व्,भ्वादि,सेट्,प०,पिविँ सेच॑ने    सेच॑ने॒ चेत्येके॑
मिन्व्,भ्वादि,सेट्,प०,मिविँ सेच॑ने    सेच॑ने॒ चेत्येके॑
निन्व्,भ्वादि,सेट्,प०,णिविँ सेच॑ने    सेच॑ने॒ चेत्येके॑
सिन्व्,भ्वादि,सेट्,प०,षिविँ सेच॑ने इत्येके॑    सेव॑न इति॑ तर॒ङ्गिण्या॑म्
हिन्व्,भ्वादि,सेट्,प०,हिविँ प्रीण॑नार्थः  
दिन्व्,भ्वादि,सेट्,प०,दिविँ प्रीण॑नार्थः  
धिन्व्,भ्वादि,सेट्,प०,धिविँ प्रीण॑नार्थः  
जिन्व्,भ्वादि,सेट्,प०,जिविँ प्रीण॑नार्थाः  
रिण्व्,भ्वादि,सेट्,प०,रिविँ गत्य॑र्थः  
रण्व्,भ्वादि,सेट्,प०,रविँ गत्य॑र्थः  
धन्व्,भ्वादि,सेट्,प०,धविँ गत्य॑र्थाः  
कृण्व्,भ्वादि,सेट्,प०,कृविँ हिंसाकर॒णयो॑श्च  
मव्,भ्वादि,सेट्,प०,मवँ बन्ध॑ने  
अव्,भ्वादि,सेट्,प०,अवँ रक्षणगतिकान्तिप्रीतितृप्त्यवगमप्रवेशश्रवणस्वाम्यर्थयाचनक्रियेच्चादीप्त्यवाप्त्यालिङ्गनहिंसादानभागवृ॒द्धिषु॑  
धाव्,भ्वादि,सेट्,उ०,धावुँ॑ गतिशु॒द्ध्योः  
धुक्ष्,भ्वादि,सेट्,आ०,धुक्षँ॒ सन्दीपनक्लेशनजीव॒नेषु॑  
धिक्ष्,भ्वादि,सेट्,आ०,धिक्षँ॒ सन्दीपनक्लेशनजीव॒नेषु॑  
वृक्ष्,भ्वादि,सेट्,आ०,वृक्षँ॒ वर॑णे  
शिक्ष्,भ्वादि,सेट्,आ०,शिक्षँ॒ विद्योपादा॒ने  
भिक्ष्,भ्वादि,सेट्,आ०,भिक्षँ॒ भि॒क्षाया॒मला॑भे ला॒भे च॑  
क्लेश्,भ्वादि,सेट्,आ०,क्लेशँ॒ अव्य॑क्तायां वा॒चि    बाध॑न॒ इत्य॒न्ये (इति॑ दु॒र्गः)
दक्ष्,भ्वादि,सेट्,आ०,दक्षँ॒ वृद्धौ॑ शी॒घ्रार्थे॑ च  
दीक्ष्,भ्वादि,सेट्,आ०,दीक्षँ॒ मौण्ड्येज्योपनयननियमव्रतादे॒शेषु॑  
ईक्ष्,भ्वादि,सेट्,आ०,ईक्षँ॒ दर्श॑ने  
ईष्,भ्वादि,सेट्,आ०,ईषँ॒ गतिहिंसादर्श॒नेषु॑  
भाष्,भ्वादि,सेट्,आ०,भाषँ॒ व्य॑क्तायां वा॒चि  
वर्ष्,भ्वादि,सेट्,आ०,वर्षँ॒ स्नेह॑ने  
गेष्,भ्वादि,सेट्,आ०,गेषृँ॒ अन्वि॒च्चाया॑म्  
ग्लेष्,भ्वादि,सेट्,आ०,ग्लेषृँ अन्वि॒च्चाया॑म् इत्येके॑  
पेष्,भ्वादि,सेट्,आ०,पेषृँ॒ प्रय॒त्ने  
एष्,भ्वादि,सेट्,आ०,एषृँ॒ प्रय॒त्ने इत्येके॑  
येष्,भ्वादि,सेट्,आ०,येषृँ॒ प्रय॒त्ने इत्य॒न्ये  
जेष्,भ्वादि,सेट्,आ०,जेषृँ॒ गतौ॑  
नेष्,भ्वादि,सेट्,आ०,णेषृँ॒ गतौ॑  
एष्,भ्वादि,सेट्,आ०,एषृँ॒ गतौ॑  
प्रेष्,भ्वादि,सेट्,आ०,प्रेषृँ॒ गतौ॑  
रेष्,भ्वादि,सेट्,आ०,रेषृँ॒ अव्य॑क्ते॒ शब्दे॑  
हेष्,भ्वादि,सेट्,आ०,हेषृँ॒ अव्य॑क्ते॒ शब्दे॑  
ह्रेष्,भ्वादि,सेट्,आ०,ह्रेषृँ॒ अव्य॑क्ते॒ शब्दे॑  
कास्,भ्वादि,सेट्,आ०,कासृँ॒ शब्दकु॒त्साया॑म्  
भास्,भ्वादि,सेट्,आ०,भासृँ॒ दीप्तौ॑  
नास्,भ्वादि,सेट्,आ०,णासृँ॒ शब्दे॑  
रास्,भ्वादि,सेट्,आ०,रासृँ॒ शब्दे॑  
नस्,भ्वादि,सेट्,आ०,णसँ॒ कौटि॑ल्ये  
भ्यस्,भ्वादि,सेट्,आ०,भ्यसँ॒ भ॒ये  
आशंस्  आङ्शंस्,भ्वादि,सेट्,आ०,आङः॒ शसिँ॒ इ॒च्चाया॑म्
ग्रस्,भ्वादि,सेट्,आ०,ग्रसुँ॒ अद॑ने  
ग्लस्,भ्वादि,सेट्,आ०,ग्लसुँ॒ अद॑ने  
ईह्,भ्वादि,सेट्,आ०,ईहँ॒ चे॒ष्टाया॑म्  
बंह्,भ्वादि,सेट्,आ०,बहिँ॒ वृद्धौ॑  
मंह्,भ्वादि,सेट्,आ०,महिँ॒ वृद्धौ॑  
अंह्,भ्वादि,सेट्,आ०,अहिँ॒ गतौ॑  
गर्ह्,भ्वादि,सेट्,आ०,गर्हँ॒ कु॒त्साया॑म्  
गल्ह्,भ्वादि,सेट्,आ०,गल्हँ॒ कु॒त्साया॑म्  
बर्ह्,भ्वादि,सेट्,आ०,बर्हँ॒ प्राधा॑न्ये  
बल्ह्,भ्वादि,सेट्,आ०,बल्हँ॒ प्राधा॑न्ये  
वर्ह्,भ्वादि,सेट्,आ०,वर्हँ॒ परिभाषणहिंसाच्चाद॒नेषु॑  
वल्ह्,भ्वादि,सेट्,आ०,वल्हँ॒ परिभाषणहिंसाच्चाद॒नेषु॑  
प्लिह्,भ्वादि,सेट्,आ०,प्लिहँ॒ गतौ॑  
बेह्,भ्वादि,सेट्,आ०,वेहृँ॒ (बेहृँ॒) प्रय॒त्ने  
वेह्,भ्वादि,सेट्,आ०,वेहृँ॒ (बेहृँ॒) प्रय॒त्ने  
जेह्,भ्वादि,सेट्,आ०,जेहृँ॒ प्रय॒त्ने जेहृँ॒ गता॑वपि  
बाह्,भ्वादि,सेट्,आ०,बाहृँ॒ (वाहृँ॒) प्रय॒त्ने  
वाह्,भ्वादि,सेट्,आ०,बाहृँ॒ (वाहृँ॒) प्रय॒त्ने  
द्राह्,भ्वादि,सेट्,आ०,द्राहृँ॒ निद्राक्ष॒ये    निक्षे॒प इत्येके॑
काश्,भ्वादि,सेट्,आ०,काशृँ॒ दीप्तौ॑  
ऊह्,भ्वादि,सेट्,आ०,ऊहँ॒ वित॒र्के  
गाह्,भ्वादि,सेट्,आ०,गाहूँ॒ वि॒लोड॑ने  
गूह्,भ्वादि,सेट्,आ०,गृहूँ॒ ग्रह॑णे  
ग्लह्,भ्वादि,सेट्,आ०,ग्लहँ॒ ग्रह॑णे च (अपादा॒ने)  
घुंष्,भ्वादि,सेट्,आ०,घुषिँ॒ कान्तिकर॒णे  
घष्,भ्वादि,सेट्,आ०,घषँ॒ कान्तिकर॒णे इति॒ केचि॑त्  
घुष्,भ्वादि,सेट्,प०,घुषिँर् अवि॑शब्दने    शब्द॒ इत्य॒न्ये पे॑ठुः
अक्ष्,भ्वादि,सेट्,प०,अक्षूँ व्याप्तौ॑  
तक्ष्,भ्वादि,सेट्,प०,तक्षूँ तनू॒कर॑णे  
त्वक्ष्,भ्वादि,सेट्,प०,त्वक्षूँ तनू॒कर॑णे  
उक्ष्,भ्वादि,सेट्,प०,उक्षँ सेच॑ने  
रक्ष्,भ्वादि,सेट्,प०,रक्षँ पाल॑ने  
निक्ष्,भ्वादि,सेट्,प०,णिक्षँ चुम्ब॑ने  
त्रक्ष्,भ्वादि,सेट्,प०,त्रक्षँ गतौ॑  
स्त्रक्ष्,भ्वादि,सेट्,प०,ष्ट्रक्षँ गतौ॑  
तृक्ष्,भ्वादि,सेट्,प०,तृक्षँ गतौ॑  
स्तृक्ष्,भ्वादि,सेट्,प०,ष्टृक्षँ गतौ॑   
नक्ष्,भ्वादि,सेट्,प०,णक्षँ गतौ॑  
वक्ष्,भ्वादि,सेट्,प०,वक्षँ रोषे॑    सङ्घा॒त इत्येके॑
मृक्ष्,भ्वादि,सेट्,प०,मृक्षँ सङ्घा॒ते  
म्रक्ष्,भ्वादि,सेट्,प०,म्रक्षँ सङ्घा॒ते इत्येके॑  
तक्ष्,भ्वादि,सेट्,प०,तक्षँ त्वच॑ने  
पक्ष्,भ्वादि,सेट्,प०,पक्षँ परिग्रः॒अ इत्येके॑  
सूर्क्ष्,भ्वादि,सेट्,प०,सूर्क्षँ आद॒रे  
सर्क्ष्,भ्वादि,सेट्,प०,षर्क्षँ आद॒रे इति॒ केचि॑त्  
काङ्क्ष्,भ्वादि,सेट्,प०,काक्षिँ का॒ङ्क्षाया॑म्  
वाङ्क्ष्,भ्वादि,सेट्,प०,वाक्षिँ का॒ङ्क्षाया॑म्  
माङ्क्ष्,भ्वादि,सेट्,प०,माक्षिँ का॒ङ्क्षाया॑म्  
द्राङ्क्ष्,भ्वादि,सेट्,प०,द्राक्षिँ का॒ङ्क्षाया॑म् घोरवासि॒ते च॑  
ध्राङ्क्ष्,भ्वादि,सेट्,प०,ध्राक्षिँ का॒ङ्क्षाया॑म् घोरवासि॒ते च॑  
ध्वाङ्क्ष्,भ्वादि,सेट्,प०,ध्वाक्षिँ ध्माक्षिँ का॒ङ्क्षाया॑म् घोरवासि॒ते च॑  
ध्माङ्क्ष्,भ्वादि,सेट्,प०,ध्माक्षिँ का॒ङ्क्षाया॑म् घोरवासि॒ते च॑ इत्येके॑  
चूष्,भ्वादि,सेट्,प०,चूषँ पाने॑  
तूष्,भ्वादि,सेट्,प०,तूषँ तुष्टौ॑  
पूष्,भ्वादि,सेट्,प०,पूषँ वृद्धौ॑  
मूष्,भ्वादि,सेट्,प०,मूषँ स्तेये॑  
लूष्,भ्वादि,सेट्,प०,लूषँ भू॒षाया॑म्  
रूष्,भ्वादि,सेट्,प०,रूषँ भू॒षाया॑म्  
शूष्,भ्वादि,सेट्,प०,शूषँ प्रस॒वे  
सूष्,भ्वादि,सेट्,प०,सूषँ प्रस॒वे इत्येके॑  
यूष्,भ्वादि,सेट्,प०,यूषँ हिं॒साया॑म्  
जूष्,भ्वादि,सेट्,प०,जूषँ च हिं॒साया॑म्  
भूष्,भ्वादि,सेट्,प०,भूषँ अलङ्का॒रे  
तंस्,भ्वादि,सेट्,प०,तसिँ अलङ्का॒रे  
ऊष्,भ्वादि,सेट्,प०,ऊषँ रु॒जाया॑म्  
ईष्,भ्वादि,सेट्,प०,ईषँ उ॒ञ्चे  
कष्,भ्वादि,सेट्,प०,कषँ हिं॒सार्थः॑  
खष्,भ्वादि,सेट्,प०,खषँ हिं॒सार्थः॑  
शिष्,भ्वादि,सेट्,प०,शिषँ हिं॒सार्थः॑  
जष्,भ्वादि,सेट्,प०,जषँ हिं॒सार्थः॑  
झष्,भ्वादि,सेट्,प०,झषँ हिं॒सार्थः॑  
शष्,भ्वादि,सेट्,प०,शषँ हिं॒सार्थः॑  
वष्,भ्वादि,सेट्,प०,वषँ हिं॒सार्थः॑  
मष्,भ्वादि,सेट्,प०,मषँ हिं॒सार्थः॑  
रुष्,भ्वादि,सेट्,प०,रुषँ हिं॒सार्थः॑  
रिष्,भ्वादि,सेट्,प०,रिषँ हिं॒सार्थाः॑  
भष्,भ्वादि,सेट्,प०,भषँ भर्त्स॑ने  
उष्,भ्वादि,सेट्,प०,उषँ दाः॒ए  
जिष्,भ्वादि,सेट्,प०,जिषुँ सेच॑ने  
विष्,भ्वादि,सेट्,प०,विषुँ सेच॑ने  
मिष्,भ्वादि,सेट्,प०,मिषुँ सेच॑ने  
निष्,भ्वादि,सेट्,प०,णिषुँ सेच॑ने  
पुष्,भ्वादि,सेट्,प०,पुषँ पुष्टौ॑  
श्रिष्,भ्वादि,सेट्,प०,श्रिषुँ दाः॒ए  
श्लिष्,भ्वादि,सेट्,प०,श्लिषुँ दाः॒ए  
प्रुष्,भ्वादि,सेट्,प०,प्रुषुँ दाः॒ए  
प्लुष्,भ्वादि,सेट्,प०,प्लुषुँ दाः॒ए  
पृष्,भ्वादि,सेट्,प०,पृषुँ सेच॑ने हिंसासङ्क्लेश॒नयो॑श्च  
वृष्,भ्वादि,सेट्,प०,वृषुँ सेच॑ने हिंसासङ्क्लेश॒नयो॑श्च  
मृष्,भ्वादि,सेट्,प०,मृषुँ सेच॑ने    मृषुँ सह॑ने च
घृष्,भ्वादि,सेट्,प०,घृषुँ सङ्घ॒र्षे  
हृष्,भ्वादि,सेट्,प०,हृषुँ अली॑के  
तुस्,भ्वादि,सेट्,प०,तुसँ शब्दे॑  
हृस्,भ्वादि,सेट्,प०,ह्रसँ (हृसँ) शब्दे॑  
ह्रस्,भ्वादि,सेट्,प०,ह्रसँ (हृसँ) शब्दे॑  
ह्लस्,भ्वादि,सेट्,प०,ह्लसँ शब्दे॑  
रस्,भ्वादि,सेट्,प०,रसँ शब्दे॑  
लस्,भ्वादि,सेट्,प०,लसँ शब्दे॑ श्लेषणक्रीड॒नयोः (च)  
घस्,भ्वादि,सेट्,प०,घसॢँ अद॑ने  
जर्च्,भ्वादि,सेट्,प०,जर्त्सँ (जर्जँ जर्चँ) परिभाषणहिंसातर्ज॒नेषु॑  
जर्ज्,भ्वादि,सेट्,प०,जर्त्सँ (जर्जँ जर्चँ) परिभाषणहिंसातर्ज॒नेषु॑  
जर्त्स्,भ्वादि,सेट्,प०,जर्त्सँ (जर्जँ जर्चँ) परिभाषणहिंसातर्ज॒नेषु॑  
चर्च्,भ्वादि,सेट्,प०,चर्चँ परिभाषणहिंसातर्ज॒नेषु॑  
झर्ज्,भ्वादि,सेट्,प०,झर्त्सँ (झर्झँ झर्जँ) परिभाषणहिंसातर्ज॒नेषु॑  
झर्झ्,भ्वादि,सेट्,प०,झर्त्सँ (झर्झँ झर्जँ) परिभाषणहिंसातर्ज॒नेषु॑  
झर्त्स्,भ्वादि,सेट्,प०,झर्त्सँ (झर्झँ झर्जँ) परिभाषणहिंसातर्ज॒नेषु॑  
पिस्,भ्वादि,सेट्,प०,पिसृँ गतौ॑  
पेस्,भ्वादि,सेट्,प०,पेसृँ गतौ॑  
विस्,भ्वादि,सेट्,प०,विसँ गतौ॑  
वेस्,भ्वादि,सेट्,प०,वेसँ गतौ॑  
बिस्,भ्वादि,सेट्,प०,बिसँ गतौ॑  
बेस्,भ्वादि,सेट्,प०,बेसँ गतौ॑  
हस्,भ्वादि,सेट्,प०,हसेँ हस॑ने  
निश्,भ्वादि,सेट्,प०,णिशँ समा॒धौ  
मिश्,भ्वादि,सेट्,प०,मिशँ शब्दे॑  
मश्,भ्वादि,सेट्,प०,मशँ शब्दे॑  
शव्,भ्वादि,सेट्,प०,शवँ गतौ॑  
शश्,भ्वादि,सेट्,प०,शशँ प्लुतग॒तौ  
शस्,भ्वादि,सेट्,प०,शसुँ हिं॒साया॑म्  
शंस्,भ्वादि,सेट्,प०,शंसुँ स्तुतौ॒    दुर्ग॑ता॒वपीत्येके॑ (इति॑ दु॒र्गः)
चह्,भ्वादि,सेट्,प०,चहँ परि॒कल्क॑ने  
मह्,भ्वादि,सेट्,प०,महँ पू॒जाया॑म्  
रह्,भ्वादि,सेट्,प०,रहँ त्या॒गे  
रंह्,भ्वादि,सेट्,प०,रहिँ गतौ॑  
दृह्,भ्वादि,सेट्,प०,दृहँ वृद्धौ॑  
दृंह्,भ्वादि,सेट्,प०,दृहिँ वृद्धौ॑  
बृह्,भ्वादि,सेट्,प०,बृहँ (वृहँ) वृद्धौ॑    बृहिँर् (वृहिँर्) वृद्धौ॑ शब्दे॑ च  इत्येके॑
वृह्,भ्वादि,सेट्,प०,बृहँ (वृहँ) वृद्धौ॑    बृहिँर् (वृहिँर्) वृद्धौ॑ शब्दे॑ च  इत्येके॑
बृंह्,भ्वादि,सेट्,प०,बृहिँ (वृहिँ) वृद्धौ॑    बृहिँ (वृहिँ) शब्दे॑ च
वृंह्,भ्वादि,सेट्,प०,बृहिँ (वृहिँ) वृद्धौ॑    बृहिँ (वृहिँ) शब्दे॑ च
तुह्,भ्वादि,सेट्,प०,तुहिँर् अर्द॑ने  
दुह्,भ्वादि,सेट्,प०,दुहिँर् अर्द॑ने  
उह्,भ्वादि,सेट्,प०,उहिँर् अर्द॑ने  
अर्ह्,भ्वादि,सेट्,प०,अर्हँ पू॒जाया॑म्  
द्युत्,भ्वादि,सेट्,आ०,द्युतँ॒ दीप्तौ॑  
श्वित्,भ्वादि,सेट्,आ०,श्विताँ वर्णे॑  
मिद्,भ्वादि,सेट्,आ०,ञिमिदाँ॒ स्नेह॑ने  
स्विद्,भ्वादि,सेट्,आ०,ञिष्विदाँ॒ स्नेहनमोच॒नयोः॑ (गात्रप्र॒स्रव॑णे)    स्नेहनमोह॒नयो॒रित्येके॑
क्ष्विद्,भ्वादि,सेट्,आ०,ञिक्ष्विदाँ स्नेहनमोच॒नयोः॑ (गात्रप्र॒स्रव॑णे)    स्नेहनमोह॒नयो॒रित्येके॑ चेत्येके॑
रुच्,भ्वादि,सेट्,आ०,रुचँ॒ दीप्ता॑व॒भिप्री॑तौ च  
घुट्,भ्वादि,सेट्,आ०,घुटँ॒ परि॒वर्त॑ने  
रुट्,भ्वादि,सेट्,आ०,रुटँ॒ उपघा॒ते (प्रतिघा॒ते)  
लुट्,भ्वादि,सेट्,आ०,लुटँ॒ उपघा॒ते (प्रतिघा॒ते)  
लुठ्,भ्वादि,सेट्,आ०,लुठँ॒ उपघा॒ते (प्रतिघा॒ते)  
उठ्,भ्वादि,सेट्,आ०,उठँ॒ उपघा॒ते (प्रतिघा॒ते)  
शुभ्,भ्वादि,सेट्,आ०,शुभँ॒ दीप्तौ॑  
क्षुभ्,भ्वादि,सेट्,आ०,क्षुभँ॒ स॒ञ्चल॑ने  
नभ्,भ्वादि,सेट्,आ०,णभँ॒ हिं॒साया॑म् अभा॒वेपि॑  
तुभ्,भ्वादि,सेट्,आ०,तुभँ॒ हिं॒साया॑म्  
श्रंश्,भ्वादि,सेट्,आ०,स्रंसुँ॒ (श्रंसुँ॒ श्रंशुँ॒) अव॒स्रंस॑ने  
श्रंस्,भ्वादि,सेट्,आ०,स्रंसुँ॒ (श्रंसुँ॒ श्रंशुँ॒) अव॒स्रंस॑ने  
स्रंस्,भ्वादि,सेट्,आ०,स्रंसुँ॒ (श्रंसुँ॒ श्रंशुँ॒) अव॒स्रंस॑ने  
ध्वंस्,भ्वादि,सेट्,आ०,ध्वंसुँ॒ अव॒स्रंस॑ने    ध्वंसुँ॒ गतौ॑ च
भ्रंस्,भ्वादि,सेट्,आ०,भ्रंसुँ॒ अव॒स्रंस॑ने  
भ्रंश्,भ्वादि,सेट्,आ०,भ्रंशुँ अव॒स्रंस॑ने इत्यपि॒ केचि॑त्  
स्रम्भ्,भ्वादि,सेट्,आ०,स्रम्भुँ॒ विश्वा॒से  
वृत्,भ्वादि,सेट्,आ०,वृतुँ॒ वर्त॑ने  
वृध्,भ्वादि,सेट्,आ०,वृधुँ॒ वृधौ॑  
शृध्,भ्वादि,सेट्,आ०,शृधुँ॒ शब्दकु॒त्साया॑म्  
श्यन्द्,भ्वादि,सेट्,आ०,स्यन्दूँ॒ प्र॒स्रव॑णे  
कृप्,भ्वादि,सेट्,आ०,कृपूँ॒ साम॑र्थ्ये  
कॢप्,भ्वादि,सेट्,आ०,कृपूँ॒ साम॑र्थ्ये  
घट्,भ्वादि,सेट्,आ०,घटँ॒ चे॒ष्टाया॑म्  
व्यथ्,भ्वादि,सेट्,आ०,व्यथँ॒ भयसञ्चल॒नयोः॑  
प्रथ्,भ्वादि,सेट्,आ०,प्रथँ॒ प्र॒ख्याने॑  
प्रस्,भ्वादि,सेट्,आ०,प्रसँ॒ विस्ता॒रे  
म्रद्,भ्वादि,सेट्,आ०,म्रदँ॒ मर्द॑ने  
स्खद्,भ्वादि,सेट्,आ०,स्खदँ॒ स्खद॑ने  
क्षञ्ज्,भ्वादि,सेट्,आ०,क्षजिँ॒ गतिदा॒नयोः॑  
दक्ष्,भ्वादि,सेट्,आ०,दक्षँ॒ गतिहिंस॒नयोः॑ (गतिशास॒नयोः॑) (वृद्धौ॑ शीघ्रा॒र्थे च॑)  
कृप्,भ्वादि,सेट्,आ०,कृपँ॒ क्रपँ॒ कपँ॒ कृ॒पायां॒ गतौ॑ च  
क्रप्,भ्वादि,सेट्,आ०,क्रपँ॒ कृ॒पायां॒ गतौ॑ च इत्येके॑  
कप्,भ्वादि,सेट्,आ०,कपँ॒ कृ॒पायां॒ गतौ॑ च इत्य॒न्ये  
कन्द्,भ्वादि,सेट्,आ०,कदिँ॒ वैक्ल॑व्ये    वैक॑ल्य इत्येके॑
क्रन्द्,भ्वादि,सेट्,आ०,क्रदिँ॒ वैक्ल॑व्ये    वैक॑ल्य इत्येके॑
क्लन्द्,भ्वादि,सेट्,आ०,क्लदिँ॒ वैक्ल॑व्ये    वैक॑ल्य इत्येके॑ इत्य॒न्ये
कद्,भ्वादि,सेट्,आ०,कदँ॒ वैक्ल॑व्ये    वैक॑ल्य इत्येके॑ इत्य॒न्ये
क्रद्,भ्वादि,सेट्,आ०,क्रदँ॒ वैक्ल॑व्ये    वैक॑ल्य इत्येके॑ इत्य॒न्ये
क्लद्,भ्वादि,सेट्,आ०,क्लदँ॒ वैक्ल॑व्ये    वैक॑ल्य इत्येके॑ इत्य॒न्ये
त्वर्,भ्वादि,सेट्,आ०,ञित्वराँ॒ सम्भ्र॒मे  
ज्वर्,भ्वादि,सेट्,प०,ज्वरँ रोगे॑  
गड्,भ्वादि,सेट्,प०,गडँ सेच॑ने  
हेड्,भ्वादि,सेट्,प०,हेडँ वेष्ट॑ने  
वट्,भ्वादि,सेट्,प०,वटँ परि॒भाष॑णे  
भट्,भ्वादि,सेट्,प०,भटँ परि॒भाष॑णे  
नट्,भ्वादि,सेट्,प०,णटँ नृत्तौ॑    नता॒वित्येके॑    गता॒वित्य॒न्ये     
स्तक्,भ्वादि,सेट्,प०,ष्टकँ प्रतिघा॒ते (प्रतीघा॒ते)  
चक्,भ्वादि,सेट्,प०,चकँ तृप्तौ॑  
कख्,भ्वादि,सेट्,प०,कखेँ हस॑ने  
रग्,भ्वादि,सेट्,प०,रगेँ श॒ङ्काया॑म्  
लग्,भ्वादि,सेट्,प०,लगेँ सङ्गे॑  
ह्रग्,भ्वादि,सेट्,प०,ह्रगेँ सं॒वर॑णे  
ह्लग्,भ्वादि,सेट्,प०,ह्लगेँ सं॒वर॑णे  
सग्,भ्वादि,सेट्,प०,षगेँ सं॒वर॑णे  
स्थग्,भ्वादि,सेट्,प०,ष्ठगेँ सं॒वर॑णे  
कग्,भ्वादि,सेट्,प०,कगेँ नोच्य॑ते    क्रियासामान्यार्थ॒त्वात्    अनेकार्थ॒त्वादित्य॒न्ये     
अक्,भ्वादि,सेट्,प०,अकँ कुटि॒लायां॒ गतौ॑  
अग्,भ्वादि,सेट्,प०,अगँ कुटि॒लायां॒ गतौ॑  
कण्,भ्वादि,सेट्,प०,कणँ गतौ॑  
रण्,भ्वादि,सेट्,प०,रणँ गतौ॑  
चण्,भ्वादि,सेट्,प०,चणँ गतौ॑ दा॒ने च॑  
शण्,भ्वादि,सेट्,प०,शणँ गतौ॑ दा॒ने च॑    शणँ गता॒वित्य॒न्ये
श्रण्,भ्वादि,सेट्,प०,श्रणँ गतौ॑ दा॒ने च॑  
श्रथ्,भ्वादि,सेट्,प०,श्रथँ हिं॒सार्थः॑  
श्नथ्,भ्वादि,सेट्,प०,श्नथँ हिं॒सार्थः॑  
श्लथ्,भ्वादि,सेट्,प०,श्लथँ हिं॒सार्थः॑  
क्नथ्,भ्वादि,सेट्,प०,क्नथँ हिं॒सार्थः॑  
क्रथ्,भ्वादि,सेट्,प०,क्रथँ हिं॒सार्थः॑  
क्लथ्,भ्वादि,सेट्,प०,क्लथँ हिं॒सार्थाः॑  
चन्,भ्वादि,सेट्,प०,चनँ च हिं॒सार्थः॑  
वन्,भ्वादि,सेट्,प०,वनुँ च॒ नोच्य॑ते (नो॑पलभ्यते)  
ज्वल्,भ्वादि,सेट्,प०,ज्वलँ दीप्तौ॑  
ह्वल्,भ्वादि,सेट्,प०,ह्वलँ स॒ञ्चल॑ने (चल॑ने)  
ह्मल्,भ्वादि,सेट्,प०,ह्मलँ स॒ञ्चल॑ने (चल॑ने)  
स्मृ,भ्वादि,सेट्,प०,स्मृ आ॒ध्याने॑  
दॄ,भ्वादि,सेट्,प०,दॄ भ॒ये  
नॄ,भ्वादि,सेट्,प०,नॄ न॒ये  
श्रा,भ्वादि,सेट्,प०,श्रा पा॒के  
#ज्ञा,,,,मारणतोषणनिशाम॒नेषु॑ ज्ञा मित्    मारणतोषणनिशा॒नेष्विति॑ पाठान्त॒रम्
#चल्,,,,कम्प॑ने चलिः मित्  
#चद्,,,,चदिर् ऊर्ज॑ने मित्  
#लड्,,,,जिह्वोन्मथ॒ने लडिः मित्  
#मद्,,,,मदीँ हर्षग्लेप॒नयोः॑ मित्  
ध्वन्,भ्वादि,सेट्,प०,ध्वनँ शब्दे॑ मित्  
दल्,भ्वादि,सेट्,प०,दलि मित् इति भोजः॑  
वल्,भ्वादि,सेट्,प०,वलि मित् इति भोजः॑  
स्खल्,भ्वादि,सेट्,प०,स्खलि मित् इति भोजः॑  
रण्,भ्वादि,सेट्,प०,रणि मित् इति भोजः॑  
ध्वन्,भ्वादि,सेट्,प०,ध्वनि मित् इति भोजः॑  
त्रप्,भ्वादि,सेट्,प०,त्रपि मित् इति भोजः॑  
क्षप्,भ्वादि,सेट्,प०,क्ष॒पय॑श्च मित् इति भोजः॑  
स्वन्,भ्वादि,सेट्,प०,स्वनँ अव॒तंस॑ने मित्  
#जन्,,,,जनीँ मित्  
#जॄ,,,,जॄष् मित्  
#क्नस्,,,,क्नसुँ मित्  
#रञ्ज्,,,,रञ्जोम॑न्ताश्च मित्  
#ज्वल्,,,,ज्वलँ अनु॑पसर्गाद्वा मित्  
#ह्वल्,,,,ह्वलँ अनु॑पसर्गाद्वा मित्  
#ह्मल्,,,,ह्मलँ अनु॑पसर्गाद्वा मित्  
#नम्,,,,नमा॒मनु॑पसर्गाद्वा मित्  
#ग्ला,,,,ग्ला अनु॑पसर्गाद्वा च मित्  
ग्लै,भ्वादि,सेट्,प०,ग्ला अनु॑पसर्गाद्वा च मित्  
#स्ना,,,,स्ना अनु॑पसर्गाद्वा च मित्  
#वन्,,,,वनुँ अनु॑पसर्गाद्वा च मित्  
#वम्,,,,वमां॑ अनु॑पसर्गाद्वा च मित्  
#कम्,,,,न कमि मित्  
#अम्,,,,न अमि मित्  
#चम्,,,,न चमा॑म् मित्  
#शम्,,,,शमो दर्श॑ने मित्  
#यम्,,,,यमोप॑रिवेषणे मित्  
#स्खद्,,,,स्खदिर् अवप॒रिभ्यां॑ च मित्  
फण्,भ्वादि,सेट्,प०,फणँम् गतौ॑ (गतिदी॒प्त्योः)  
राज्,भ्वादि,सेट्,उ०,राजृँ॑ दीप्तौ॑  
भ्राज्,भ्वादि,सेट्,आ०,टुभ्राजृँ॒ दीप्तौ॑  
भ्राश्,भ्वादि,सेट्,आ०,टुभ्राशृँ॒ दीप्तौ॑  
भ्लाश्,भ्वादि,सेट्,आ०,टुभ्लाशृँ॒ दीप्तौ॑  
स्यम्,भ्वादि,सेट्,प०,स्यमुँ शब्दे॑  
स्वन्,भ्वादि,सेट्,प०,स्वनँ शब्दे॑  
ध्वन्,भ्वादि,सेट्,प०,ध्वनँ शब्दे॑  
सम्,भ्वादि,सेट्,प०,षमँ अवैक॑ल्ये (वै॑कल्ये)  
स्तम्,भ्वादि,सेट्,प०,ष्टमँ अवैक॑ल्ये (वै॑कल्ये)  
ज्वल्,भ्वादि,सेट्,प०,ज्वलँ दीप्तौ॑  
चल्,भ्वादि,सेट्,प०,चलँ कम्प॑ने  
जल्,भ्वादि,सेट्,प०,जलँ घात॑ने  
टल्,भ्वादि,सेट्,प०,टलँ वैक॑ल्ये  
ट्वल्,भ्वादि,सेट्,प०,ट्वलँ वैक॑ल्ये  
स्तल्,भ्वादि,सेट्,प०,ष्ठलँ स्थाने॑  
हल्,भ्वादि,सेट्,प०,हलँ वि॒लेख॑ने  
नल्,भ्वादि,सेट्,प०,णलँ ग॒न्धे    बन्ध॑न॒ इत्येके॑
पल्,भ्वादि,सेट्,प०,पलँ गतौ॑  
बल्,भ्वादि,सेट्,प०,बलँ प्राण॑ने धान्यावरो॒धे च॑ (धान्यावरोध॒ने च॑)  
पुल्,भ्वादि,सेट्,प०,पुलँ मह॒त्त्वे  
कुल्,भ्वादि,सेट्,प०,कुलँ संस्त्या॒ने बन्धु॑षु च  
शल्,भ्वादि,सेट्,प०,शलँ गतौ॑  
हुल्,भ्वादि,सेट्,प०,हुलँ गतौ॑  
पत्,भ्वादि,सेट्,प०,पतॢँ गतौ॑  
हुल्,भ्वादि,सेट्,प०,हुलँ हिंसासंवर॒णयो॑श्च (हिं॒सायां॑ सं॒वर॑णे च)  
क्वथ्,भ्वादि,सेट्,प०,क्वथेँ निष्पा॒के  
पथ्,भ्वादि,सेट्,प०,पथेँ गतौ॑  
मथ्,भ्वादि,सेट्,प०,मथेँ वि॒लोड॑ने  
वम्,भ्वादि,सेट्,प०,टुवमँ उ॒द्गिर॑णे  
भ्रम्,भ्वादि,सेट्,प०,भ्रमुँ चल॑ने  
क्षर्,भ्वादि,सेट्,प०,क्षरँ स॒ञ्चल॑ने  
क्षुर्,भ्वादि,सेट्,प०,क्षुरँ सञ्च॒ये  
सह्,भ्वादि,सेट्,आ०,षहँ॒ मर्ष॑णे  
रम्,भ्वादि,अनिट् ,आ०,र॒मुँ॒ क्री॒डाया॑म्    र॒मँ॒ इति॒ माध॑वः
सद्,भ्वादि,अनिट् ,प०,ष॒दॢँ विशरणगत्यवसाद॒नेषु॑  
शद्,भ्वादि,अनिट् ,प०,श॒दॢँ शात॑ने  
क्रुश्,भ्वादि,अनिट् ,प०,क्रु॒शँ आः॒वाने॒ रोद॑ने च  
कुच्,भ्वादि,सेट्,प०,कुचँ सम्पर्चनकौटिल्यप्रतिष्टम्भविलेख॒नेषु॑  
बुध्,भ्वादि,सेट्,प०,बुधँ अव॒गम॑ने  
रुह्,भ्वादि,अनिट् ,प०,रुः॒अँ बीजज॒न्मनि॑ प्रादुर्भा॒वे च॑  
कस्,भ्वादि,सेट्,प०,कसँ गतौ॑  
हिक्क्,भ्वादि,सेट्,उ०,हिक्कँ॑ अव्य॑क्ते॒ शब्दे॑  
अञ्च्,भ्वादि,सेट्,उ०,अञ्चुँ॑ गतौ॒ याच॑ने च  
अच्,भ्वादि,सेट्,उ०,अचुँ॑ गतौ॒ याच॑ने च इत्येके॑  
अञ्च्,भ्वादि,सेट्,उ०,अचिँ गतौ॒ याच॑ने च इत्येप॑रे  
याच्,भ्वादि,सेट्,उ०,टुयाचृँ॑ या॒च्ञाया॑म्  
रेट्,भ्वादि,सेट्,उ०,रेटृँ॑ परि॒भाष॑णे  
चत्,भ्वादि,सेट्,उ०,चतेँ॑ परि॒भाष॑णे याच॑ने (च)  
चद्,भ्वादि,सेट्,उ०,चदेँ॑ परि॒भाष॑णे याच॑ने (च)  
प्रोथ्,भ्वादि,सेट्,उ०,प्रोथृँ॑ पर्या॑प्तौ  
मिद्,भ्वादि,सेट्,उ०,मिदृँ॑ मेधाहिंस॒नयोः॑  
मेद्,भ्वादि,सेट्,उ०,मेदृँ॑ मेधाहिंस॒नयोः॑  
मिथ्,भ्वादि,सेट्,उ०,मिथृँ॑ मेधाहिंस॒नयोः॑ इत्येके॑  
मेथ्,भ्वादि,सेट्,उ०,मेथृँ॑ मेधाहिंस॒नयोः॑ इत्येके॑  
मिध्,भ्वादि,सेट्,उ०,मिधृँ॑ मेधाहिंस॒नयोः॑ इत्य॒न्ये  
मेध्,भ्वादि,सेट्,उ०,मेधृँ॑ मेधाहिंस॒नयोः॑ इत्य॒न्ये    मेधृँ॑ सङ्ग॒मे च॑
निद्,भ्वादि,सेट्,उ०,णिदृँ॑ कुत्सासन्निक॒र्षयोः॑  
नेद्,भ्वादि,सेट्,उ०,णेदृँ॑ कुत्सासन्निक॒र्षयोः॑  
शृध्,भ्वादि,सेट्,उ०,शृधुँ॑ उन्द॑ने  
मृध्,भ्वादि,सेट्,उ०,मृधुँ॑ उन्द॑ने  
बुध्,भ्वादि,सेट्,उ०,बुधिँ॑र् बोध॑ने  
बुन्द्,भ्वादि,सेट्,उ०,उँबुन्दिँ॑र् नि॒शाम॑ने  
वेण्,भ्वादि,सेट्,उ०,वेणृँ॑ गतिज्ञानचिन्तानिशामनवादित्रग्रह॒णेषु॑  
वेन्,भ्वादि,सेट्,उ०,वेनृँ॑ गतिज्ञानचिन्तानिशामनवादित्रग्रह॒णेषु॑ इत्येके॑  
खन्,भ्वादि,सेट्,उ०,खनुँ॑ अव॒दार॑णे  
चीव्,भ्वादि,सेट्,उ०,चीवृँ॑ आदानसंवर॒णयोः॑  
चीब्,भ्वादि,सेट्,उ०,चीबृँ॑ आदानसंवर॒णयोः॑ इत्येके  
चाय्,भ्वादि,सेट्,उ०,चायृँ॑ पूजानिशाम॒नयोः॑  
व्यय्,भ्वादि,सेट्,उ०,व्ययँ॑ गतौ॑  
दाश्,भ्वादि,सेट्,उ०,दाशृँ॑ दा॒ने  
भेष्,भ्वादि,सेट्,उ०,भेषृँ॑ भ॒ये    गता॒वित्येके॑
भ्रेष्,भ्वादि,सेट्,उ०,भ्रेषृँ॑ गतौ॑  
भ्लेष्,भ्वादि,सेट्,उ०,भ्लेषृँ॑ गतौ॑  
अस्,भ्वादि,सेट्,उ०,असँ॑ गतिदीप्त्यादा॒नेषु॑  
अष्,भ्वादि,सेट्,उ०,अषँ॑ गतिदीप्त्यादा॒नेषु॑ इत्येके॑  
अय्,भ्वादि,सेट्,उ०,अयँ॑ गतौ॑  
स्पश्,भ्वादि,सेट्,उ०,स्पशँ॑ बाधनस्पर्श॒नयोः॑  
लष्,भ्वादि,सेट्,उ०,लषँ॑ कान्तौ॑  
चष्,भ्वादि,सेट्,उ०,चषँ॑ भक्ष॑णे  
चष्,भ्वादि,सेट्,उ०,चषँ॑ हिं॒साया॑म्  
झष्,भ्वादि,सेट्,उ०,झषँ॑ आदानसंवर॒णयोः॑  
भ्रक्ष्,भ्वादि,सेट्,उ०,भ्रक्षँ॑ अद॑ने  
भ्लक्ष्,भ्वादि,सेट्,उ०,भ्लक्षँ॑ अद॑ने  
भक्ष्,भ्वादि,सेट्,उ०,भक्षँ॑ अद॑ने इति॒ मैत्रे॑यः  
प्लक्ष्,भ्वादि,सेट्,उ०,प्लक्षँ॑ च अद॑ने  
दास्,भ्वादि,सेट्,उ०,दासृँ॑ दा॒ने  
माह्,भ्वादि,सेट्,उ०,माहृँ॑ माने॑  
गुह्,भ्वादि,सेट्,उ०,गुहूँ॑ सं॒वर॑णे  
श्रिञ्,भ्वादि,सेट्,उ०,श्रिञ् से॒वाया॑म्  
भृ,भ्वादि,अनिट् ,उ०,भृ॒ञ् भर॑णे  
हृ,भ्वादि,अनिट् ,उ०,हृ॒ञ् हर॑णे  
धृ,भ्वादि,अनिट् ,उ०,धृ॒ञ् धार॑णे  
कृ,भ्वादि,अनिट् ,उ०,कृ॒ञ् कर॑णे  
नी,भ्वादि,अनिट् ,उ०,णी॒ञ् प्राप॑णे  
धे,भ्वादि,अनिट् ,प०,धे॒ट् पाने॑  
ग्लै,भ्वादि,अनिट् ,प०,ग्लै॒ हर्षक्ष॒ये  
म्लै,भ्वादि,अनिट् ,प०,म्लै॒ हर्षक्ष॒ये  
द्यै,भ्वादि,अनिट् ,प०,द्यै॒ न्य॒क्कर॑णे  
द्रै,भ्वादि,अनिट् ,प०,द्रै॒ स्वप्ने॑  
ध्रै,भ्वादि,अनिट् ,प०,ध्रै॒ तृप्तौ॑  
ध्यै,भ्वादि,अनिट् ,प०,ध्यै॒ चि॒न्ताया॑म्  
रै,भ्वादि,अनिट् ,प०,रै॒ शब्दे॑  
स्त्यै,भ्वादि,अनिट् ,प०,स्त्यै॒ शब्दसङ्घा॒तयोः॑  
ष्ट्यै,भ्वादि,अनिट् ,प०,ष्ट्यै॒ शब्दसङ्घा॒तयोः॑  
खै,भ्वादि,अनिट् ,प०,खै॒ खद॑ने  
क्षै,भ्वादि,अनिट् ,प०,क्षै॒ क्ष॒ये  
जै,भ्वादि,अनिट् ,प०,जै॒ क्ष॒ये  
सै,भ्वादि,अनिट् ,प०,षै॒ क्ष॒ये  
कै,भ्वादि,अनिट् ,प०,कै॒ शब्दे॑  
गै,भ्वादि,अनिट् ,प०,गै॒ शब्दे॑  
शै,भ्वादि,अनिट् ,प०,शै॒ पा॒के  
श्रै,भ्वादि,अनिट् ,प०,श्रै॒ पा॒के  
स्रै,भ्वादि,अनिट् ,प०,स्रै॒ पा॒के इति केषु॑चित्पा॒ठः  
पै,भ्वादि,अनिट् ,प०,पै॒ शोष॑णे  
वै,भ्वादि,अनिट् ,प०,ओँवै शोष॑णे  
स्तै,भ्वादि,अनिट् ,प०,ष्टै॒ वेष्ट॑ने    शो॒भायां॒ चेत्येके॑
स्नै,भ्वादि,अनिट् ,प०,ष्णै॒ वेष्ट॑ने    शो॒भायां॒ चेत्येके॑
दै,भ्वादि,अनिट् ,प०,दै॒प् शोध॑ने  
पा,भ्वादि,अनिट् ,प०,पा॒ पाने॑  
घ्रा,भ्वादि,अनिट् ,प०,घ्रा॒ गन्धोपादाने (घ्रा॒णे)  
ध्मा,भ्वादि,अनिट् ,प०,ध्मा॒ शब्दाग्निसंयो॒गयोः॑  
स्था,भ्वादि,अनिट् ,प०,ष्ठा॒ गतिनिवृ॒त्तौ  
म्ना,भ्वादि,अनिट् ,प०,म्ना॒ अभ्या॒से  
दा,भ्वादि,अनिट् ,प०,दा॒ण् दा॒ने  
ह्वृ,भ्वादि,अनिट् ,प०,ह्वृ॒ कौटि॑ल्ये  
स्वृ,भ्वादि,अनिट् ,प०,स्वृ॒ शब्दोपता॒पयोः॑  
स्मृ,भ्वादि,अनिट् ,प०,स्मृ॒ चि॒न्ताया॑म्  
द्वृ,भ्वादि,अनिट् ,प०,द्वृ॒ सं॒वर॑णे (वर॑णे)  
ह्वृ,भ्वादि,अनिट् ,प०,ह्वृ॒ सं॒वर॑णे (वर॑णे) इत्येके॑  
सृ,भ्वादि,अनिट् ,प०,सृ॒ गतौ॑  
ऋ,भ्वादि,अनिट् ,प०,ऋ॒ गतिप्राप॒णयोः॑  
गृ,भ्वादि,अनिट् ,प०,गृ॒ सेच॑ने  
घृ,भ्वादि,अनिट् ,प०,घृ॒ सेच॑ने  
ध्वृ,भ्वादि,अनिट् ,प०,ध्वृ॒ हूर्च॑ने  
स्रु,भ्वादि,अनिट् ,प०,स्रु॒ गतौ॑  
सु,भ्वादि,अनिट् ,प०,षु॒ प्रसवसैश्व॒र्ययोः॑  
श्रु,भ्वादि,अनिट् ,प०,श्रु॒ श्रव॑णे  
ध्रु,भ्वादि,अनिट् ,प०,ध्रु॒ स्थैर्ये॑  
दु,भ्वादि,अनिट् ,प०,दु॒ गतौ॑  
द्रु,भ्वादि,अनिट् ,प०,द्रु॒ गतौ॑  
जि,भ्वादि,अनिट् ,प०,जि॒ अभिभ॒वे  
ज्रि,भ्वादि,अनिट् ,प०,ज्रि॒ अभिभ॒वे  
जु,भ्वादि,अनिट् ,प०,जु॒ इति॑ सौ॒त्रो धातुः॒ गत्य॑र्थः  
स्मि,भ्वादि,अनिट् ,आ०,ष्मि॒ङ् ईष॒द्धस॑ने  
गु,भ्वादि,अनिट् ,आ०,गु॒ङ् अव्य॑क्ते॒ शब्दे॑  
गा,भ्वादि,अनिट् ,आ०,गा॒ङ् गतौ॑  
उ,भ्वादि,अनिट् ,आ०,उ॒ङ् शब्दे॑  
कु,भ्वादि,अनिट् ,आ०,कु॒ङ् शब्दे॑  
खु,भ्वादि,अनिट् ,आ०,खु॒ङ् शब्दे॑  
गु,भ्वादि,अनिट् ,आ०,गु॒ङ् शब्दे॑  
घु,भ्वादि,अनिट् ,आ०,घु॒ङ् शब्दे॑  
ङु,भ्वादि,अनिट् ,आ०,ङुङ् शब्दे॑  
श्यु,भ्वादि,अनिट् ,आ०,च्यु॒ङ् गतौ॑  
ज्यु,भ्वादि,अनिट् ,आ०,ज्यु॒ङ् गतौ॑  
जु,भ्वादि,अनिट् ,आ०,जु॒ङ् गतौ॑  
प्रु,भ्वादि,अनिट् ,आ०,प्रु॒ङ् गतौ॑  
प्लु,भ्वादि,अनिट् ,आ०,प्लु॒ङ् गतौ॑  
क्लु,भ्वादि,अनिट् ,आ०,क्लु॒ङ्  गतौ॑ इत्येके॑  
रु,भ्वादि,अनिट् ,आ०,रु॒ङ् गतिरोष॒णयोः॑  
धृ,भ्वादि,अनिट् ,आ०,धृ॒ङ् अव॒ध्वंस॑ने  
वङ्घ्,भ्वादि,सेट्,आ०,वघिँ॒ गत्याक्षे॒पे    गतौ॑ गत्यार॒म्भे चेत्यप॑रे
दे,भ्वादि,अनिट् ,आ०,दे॒ङ् रक्ष॑णे  
श्यै,भ्वादि,अनिट् ,आ०,श्यै॒ङ् गतौ॑  
प्यै,भ्वादि,अनिट् ,आ०,प्यै॒ङ् वृद्धौ॑  
त्रै,भ्वादि,अनिट् ,आ०,त्रै॒ङ् पाल॑ने  
पू,भ्वादि,सेट्,आ०,पूङ् पव॑ने  
मू,भ्वादि,सेट्,आ०,मूङ् बन्ध॑ने  
डी,भ्वादि,सेट्,आ०,डीङ् विहा॑यसा॒ गतौ॑  
तॄ,भ्वादि,सेट्,प०,तॄ प्लवनतर॒णयोः॑  
गुप्,भ्वादि,सेट्,आ०,गुपँ॒ गोप॑ने  
तिज्,भ्वादि,सेट्,आ०,तिजँ॒ नि॒शाने॑  
मान्,भ्वादि,सेट्,आ०,मानँ॒ पू॒जाया॑म्  
बध्,भ्वादि,सेट्,आ०,बधँ॒ बन्ध॑ने  
रभ्,भ्वादि,अनिट् ,आ०,र॒भँ॒ राभ॑स्ये  
लभ्,भ्वादि,अनिट् ,आ०,डुल॒भँ॒ष् प्राप्तौ॑  
स्वञ्ज्,भ्वादि,अनिट् ,आ०,ष्व॒ञ्जँ॒ परिष्व॒ङ्गे  
हद्,भ्वादि,अनिट् ,आ०,ह॒दँ॒ (ह॒दँ) पुरीषोत्स॒र्गे
क्ष्विद्,भ्वादि,सेट्,प०,ञिक्ष्विदाँ अव्य॑क्ते॒ शब्दे॑  
स्कन्द्,भ्वादि,अनिट् ,प०,स्क॒न्दिँर् गतिशोष॒णयोः॑  
यभ्,भ्वादि,अनिट् ,प०,य॒भँ मैथु॑ने (विपरीतमैथु॒ने)  
नम्,भ्वादि,अनिट् ,प०,ण॒मँ प्रह्व॒त्वे शब्दे॑ च  
गम्,भ्वादि,अनिट् ,प०,ग॒मॢँ गतौ॑  
सृप्,भ्वादि,अनिट् ,प०,सृ॒पॢँ गतौ॑  
यम्,भ्वादि,अनिट् ,प०,य॒मँ उपर॒मे  
तप्,भ्वादि,अनिट् ,प०,त॒पँ सन्ता॒पे  
त्यज्,भ्वादि,अनिट् ,प०,त्य॒जँ हानौ॑  
सञ्ज्,भ्वादि,अनिट् ,प०,ष॒ञ्जँ सङ्गे॑  
दृश्,भ्वादि,अनिट् ,प०,दृ॒शिँर् प्रेक्ष॑णे  
दंश्,भ्वादि,अनिट् ,प०,दं॒शँ दश॑ने  
कृष्,भ्वादि,अनिट् ,प०,कृ॒षँ वि॒लेख॑ने  
दह्,भ्वादि,अनिट् ,प०,दः॒अँ भस्मी॒कर॑णे  
मिह्,भ्वादि,अनिट् ,प०,मिः॒अँ सेच॑ने  
कित्,भ्वादि,सेट्,प०,कितँ निवा॒से रो॑गापनय॒ने च॑  
दान्,भ्वादि,सेट्,उ०,दानँ॑ खण्ड॑ने (अव॒खण्ड॑ने)  
शान्,भ्वादि,सेट्,उ०,शानँ॑ तेज॑ने (अव॒तेज॑ने)  
पच्,भ्वादि,अनिट् ,उ०,डुप॒चँ॑ष् पा॒के  
सच्,भ्वादि,सेट्,उ०,षचँ॑ समवा॒ये  
भज्,भ्वादि,अनिट् ,उ०,भ॒जँ॑ से॒वाया॑म्  
रञ्ज्,भ्वादि,अनिट् ,उ०,र॒ञ्जँ॑ रा॒गे  
शप्,भ्वादि,अनिट् ,उ०,श॒पँ॑ आक्रो॒शे  
त्विष्,भ्वादि,अनिट् ,उ०,त्वि॒षँ॑ दीप्तौ॑  
यज्,भ्वादि,अनिट् ,उ०,य॒जँ॑ देवपूजासङ्गतिकरणदा॒नेषु॑  
वप्,भ्वादि,अनिट् ,उ०,डुव॒पँ॑ (टुव॒पँ) बीजसन्ता॒ने    चेद॑नेपि
वह्,भ्वादि,अनिट् ,उ०,वः॒अँ॑ प्राप॑णे  
वस्,भ्वादि,अनिट् ,प०,व॒सँ निवा॒से  
वे,भ्वादि,अनिट् ,उ०,वे॒ञ् तन्तुसन्ता॒ने  
व्ये,भ्वादि,अनिट् ,उ०,व्ये॒ञ् सं॒वर॑णे  
ह्वे,भ्वादि,अनिट् ,उ०,ह्वे॒ञ् स्प॒र्धायां॒ शब्दे॑ च  
वद्,भ्वादि,सेट्,प०,वदँ व्य॑क्तायां वा॒चि  
श्वि,भ्वादि,सेट्,प०,ट्वोँश्वि गतिवृ॒द्ध्योः  
अद्,अ० ,अनिट् ,प०,अ॒दँ भक्ष॑णे  
हन्,अ० ,अनिट् ,प०,ह॒नँ हिंसाग॒त्योः  
द्विष्,अ० ,अनिट् ,उ०,द्वि॒षँ॑ अप्री॑तौ  
दुह्,अ० ,अनिट् ,उ०,दुः॒अँ॑ प्र॒पूर॑णे  
दिह्,अ० ,अनिट् ,उ०,दिः॒अँ॑ उपच॒ये  
लिह्,अ० ,अनिट् ,उ०,लिः॒अँ॑ आ॒स्वाद॑ने  
चक्ष्,अ० ,अनिट् ,आ०,च॒क्षिँ॒ङ् व्य॑क्तायां वा॒चि    अ॒यं दर्श॒नेपि॑
ईर्,अ० ,सेट्,आ०,ईरँ॒ गतौ कम्प॑ने च  
ईड्,अ० ,सेट्,आ०,ईडँ॒ स्तुतौ॑  
ईश्,अ० ,सेट्,आ०,ईशँ॒ ऐश्व॑र्ये  
आस्,अ० ,सेट्,आ०,आसँ॒ उप॒वेश॑ने  
आशास्  आङ्शास्,अ० ,सेट्,आ०,आ०    आङः॒ शासुँ॒ इ॒च्चाया॑म्
वस्,अ० ,सेट्,आ०,वसँ॒ आ॒च्चाद॑ने  
कंस्,अ० ,सेट्,आ०,कसिँ॒ गतिशास॒नयोः॑  
कस्,अ० ,सेट्,आ०,कसँ॒ गतिशास॒नयोः॑ इत्येके॑  
कश्,अ० ,सेट्,आ०,कशँ॒ गतिशास॒नयोः॑ इत्य॒न्ये (इत्यपि॑)  
निंस्,अ० ,सेट्,आ०,णिसिँ॒ चुम्ब॑ने  
निञ्ज्,अ० ,सेट्,आ०,णिजिँ॒ शुद्धौ॑  
शिञ्ज्,अ० ,सेट्,आ०,शिजिँ॒ अव्य॑क्ते॒ शब्दे॑  
पिञ्ज्,अ० ,सेट्,आ०,पिजिँ॒ वर्णे॑    स॒म्पर्च॑न॒ इत्येके॑    उ॒भय॒न्नेत्य॒न्ये    अवय॒व इत्यप॑रे    अव्य॑क्ते॒ शब्द॒ इतीत॑रे 
पृञ्ज्,अ० ,सेट्,आ०,पृजिँ॒ वर्णे॑    स॒म्पर्च॑न॒ इत्येके॑    उ॒भय॒न्नेत्य॒न्ये    अवय॒व इत्यप॑रे    अव्य॑क्ते॒ शब्द॒ इतीत॑रे इत्येके॑ 
वृज्,अ० ,सेट्,आ०,वृजीँ॒ वर्ज॑ने  
वृञ्ज्,अ० ,सेट्,आ०,वृजिँ॒ वर्ज॑ने इत्येके॑  
पृच्,अ० ,सेट्,आ०,पृचीँ॒ स॒म्पर्च॑ने (सम्प॒र्के)  
सू,अ० ,सेट्,आ०,षूङ् प्राणिगर्भविमोच॒ने  
शी,अ० ,सेट्,आ०,शीङ् स्वप्ने॑  
यु,अ० ,सेट्,प०,यु मिश्रे॒णेभि॑श्रणे च  
रु,अ० ,सेट्,प०,रु शब्दे॑  
तु,अ० ,सेट् (अनिट्  -प०-),प०,तु गतिवृद्धिहिं॒सासु॑ (वृद्ध्य॑र्थः)    इति॑ सौ॒त्रो धातुः॑ 
नु,अ० ,सेट्,प०,णु स्तुतौ॑  
क्षु,अ० ,सेट्,प०,टुक्षु शब्दे॑  
क्ष्णु,अ० ,सेट्,प०,क्ष्णु तेज॑ने  
स्नु,अ० ,सेट्,प०,ष्णु प्र॒स्रव॑णे  
ऊर्णु,अ० ,सेट्,उ०,ऊर्णुञ् आ॒च्चाद॑ने  
द्यु,अ० ,अनिट् ,प०,द्यु॒ अभि॒गम॑ने  
सु,अ० ,अनिट् ,प०,षु॒ प्रसवैश्व॒र्ययोः॑  
कु,अ० ,अनिट् ,प०,कु॒ शब्दे॑  
स्तु,अ० ,अनिट् ,उ०,ष्टु॒ञ् स्तुतौ॑  
ब्रू,अ० ,सेट् (अनिट्  -उ०-),उ०,ब्रूञ् (ब्रू॒ञ्) व्य॑क्तायां वा॒चि    २.३९     
इ,अ० ,अनिट् ,प०,इ॒ण् गतौ॑  
अधी  अधि॑,अ० ,अनिट् ,प०,प०      इ॒ङ् अ॒ध्यय॑ने (नित्य॒मधि॑पूर्वः)     २.४१     
इ,अ० ,अनिट् ,आ०,इ॒ङ् अ॒ध्यय॑ने    नित्य॒मधि॑पूर्वः
अधी  अधि॑,अ० ,अनिट् ,प०,प०      इ॒क् स्मर॑णे (अ॒यमप्यधि॑पूर्वः)     २.४२     
इ,अ० ,अनिट् ,प०,इ॒क् स्मर॑णे    अ॒यमप्यधि॑पूर्वः
वी,अ० ,अनिट् ,प०,वी॒ गतिप्रजनकान्त्यसनखाद॒नेषु॑  
या,अ० ,अनिट् ,प०,या॒ प्राप॑णे  
वा,अ० ,अनिट् ,प०,वा॒ गतिगन्ध॒नयोः॑    २.४५
भा,अ० ,अनिट् ,प०,भा॒ दीप्तौ॑  
स्ना,अ० ,अनिट् ,प०,ष्णा॒ शौ॒चे  
श्रा,अ० ,अनिट् ,प०,श्रा॒ पा॒के  
द्रा,अ० ,अनिट् ,प०,द्रा॒ कु॒त्सायां॒ गतौ॑  
प्सा,अ० ,अनिट् ,प०,प्सा॒ भक्ष॑णे  
पा,अ० ,अनिट् ,प०,पा॒ रक्ष॑णे  
रा,अ० ,अनिट् ,प०,रा॒ दा॒ने  
ला,अ० ,अनिट् ,प०,ला॒ आदा॒ने (दा॒ने)  
दा,अ० ,अनिट् ,प०,दा॒प् लव॑ने  
ख्या,अ० ,अनिट् ,प०,ख्या॒ प्र॒कथ॑ने  
प्रा,अ० ,अनिट् ,प०,प्रा॒ पूर॑णे  
मा,अ० ,अनिट् ,प०,मा॒ माने॑  
वच्,अ० ,अनिट् ,प०,व॒चँ परि॒भाष॑णे  
विद्,अ० ,सेट्,प०,विदँ ज्ञाने॑  
अस्,अ० ,सेट्,प०,असँ भु॒वि  
मृज्,अ० ,सेट्,प०,मृजूँ मृजूँष् शुद्धौ॑  
रुद्,अ० ,सेट्,प०,रुदिँर् अश्रुविमोच॒ने  
स्वप्,अ० ,अनिट् ,प०,ञिष्व॒पँ श॒ये  
श्वस्,अ० ,सेट्,प०,श्वसँ प्राण॑ने  
अन्,अ० ,सेट्,प०,अनँ च प्राण॑ने  
जक्ष्,अ० ,सेट्,प०,जक्षँ भक्ष्यहस॒नयोः॑  
जागृ,अ० ,सेट्,प०,जागृ निद्राक्ष॒ये  
दरिद्रा,अ० ,सेट्,प०,दरिद्रा दु॒र्गतौ॑  
चकास्,अ० ,सेट्,प०,चकासृँ दीप्तौ॑  
शास्,अ० ,सेट्,प०,शासुँ अनु॑शिष्टौ  
दीधी,अ० ,सेट्,आ०,दीधीङ् दीप्तिदेव॒नयोः॑  
वेवी,अ० ,सेट्,आ०,वेवीङ् वेति॑ना॒ तुल्ये॑  
सस्,अ० ,सेट्,प०,षसँ स्वप्ने॑  
संस्त्,अ० ,सेट्,प०,षस्तिँ (सस्तिँ) स्वप्ने॑  
वश्,अ० ,सेट्,प०,वशँ कान्तौ॑  
ह्नु,अ० ,अनिट् ,आ०,ह्नु॒ङ् अप॒नय॑ने  
हु,जु०,अनिट् ,प०,हु॒ दानाद॒नयोः॑    आदा॒ने चेत्येके॑    प्रीण॒नेपीति॑ भा॒ष्य॑म्     
भी,जु०,अनिट् ,प०,ञिभी॒ भ॒ये  
ह्री,जु०,अनिट् ,प०,ह्री॒ ल॒ज्जाया॑म्  
पॄ,जु०,सेट्,प०,पॄ॒ पालनपूर॒णयोः॑  
पृ,जु०,सेट्,प०,पृ॒ पालनपूर॒णयोः॑ इत्येके॑  
भृ,जु०,अनिट् ,उ०,डुभृ॒ञ् धारणपोष॒णयोः॑  
मा,जु०,अनिट् ,आ०,मा॒ङ् माने॒ शब्दे॑ च  
हा,जु०,अनिट् ,आ०,ओँहा॒ङ् गतौ॑  
हा,जु०,अनिट् ,प०,ओँहा॒क् त्या॒गे  
दा,जु०,अनिट् ,उ०,डुदा॒ञ् दा॒ने  
धा,जु०,अनिट् ,उ०,डुधा॒ञ् धारणपोष॒णयोः॑    दा॒न इत्यप्येके॑
निज्,जु०,अनिट् ,उ०,णि॒जिँ॑र् शौचपोष॒णयोः॑  
विज्,जु०,अनिट् ,उ०,वि॒जिँ॑र् पृथग्भा॒वे  
विष्,जु०,अनिट् ,उ०,वि॒षॢँ॑ व्या॑प्तौ  
घृ,जु०,अनिट् ,प०,घृ॒ क्षरणदी॒प्त्योः  
हृ,जु०,अनिट् ,प०,हृ॒ प्रसह्यकर॒णे  
ऋ,जु०,अनिट् ,प०,ऋ॒ गतौ॑  
सृ,जु०,अनिट् ,प०,सृ॒ गतौ॑  
भस्,जु०,सेट्,प०,भसँ भर्त्सनदी॒प्त्योः  
कि,जु०,अनिट् ,प०,कि॒ ज्ञाने॑  
कित्,जु०,सेट्,प०,कितँ ज्ञाने॑ च
तुर्,जु०,सेट्,प०,तुरँ त्वर॑णे  
धिष्,जु०,सेट्,प०,धिषँ शब्दे॑  
धन्,जु०,सेट्,प०,धनँ धान्ये॑  
जन्,जु०,सेट्,प०,जनँ जन॑ने  
गा,जु०,अनिट् ,प०,गा॒ स्तुतौ॑  
दिव्,दि०,सेट्,प०,दिवुँ क्रीडाविजिगीषाव्यवहारद्युतिस्तुतिमोदमदस्वप्नकान्तिग॒तिषु॑  
सिव्,दि०,सेट्,प०,षिवुँ तन्तुसन्ता॒ने  
स्रिव्,दि०,सेट्,प०,स्रिवुँ गतिशोष॒णयोः॑  
ष्ठिव्,दि०,सेट्,प०,ष्ठिवुँ नि॒रस॑ने    केचि॑दिः॒एमं न प॑ठन्ति
स्नुस्,दि०,सेट्,प०,ष्णुसुँ अद॑नेँ    आदा॒न इत्येकेँ॑    अद॑र्शन॒ इत्यप॑रे     
स्नस्,दि०,सेट्,प०,ष्णसुँ निर॑सने  
क्नस्,दि०,सेट्,प०,क्नसुँ ह्वरणदी॒प्त्योः  
व्युष्,दि०,सेट्,प०,व्युषँ दाः॒ए  
प्लुष्,दि०,सेट्,प०,प्लुषँ च दाः॒ए  
नृत्,दि०,सेट्,प०,नृतीँ गात्रविक्षे॒पे  
त्रस्,दि०,सेट्,प०,त्रसीँ उद्वे॒गे  
कुथ्,दि०,सेट्,प०,कुथँ पूतीभा॒वे  
पुथ्,दि०,सेट्,प०,पुथँ हिं॒साया॑म्  
गुध्,दि०,सेट्,प०,गुधँ परि॒वेष्ट॑ने  
क्षिप्,दि० ,अनिट् ,प०,क्षि॒पँ प्रेर॑ने  
पुष्प्,दि०,सेट्,प०,पुष्पँ वि॒कस॑ने  
तिम्,दि०,सेट्,प०,तिमँ आर्द्रीभा॒वे  
तीम्,दि०,सेट्,प०,तीमँ आर्द्रीभा॒वे  
स्तिम्,दि०,सेट्,प०,ष्टिमँ आर्द्रीभा॒वे  
स्तीन्,दि०,सेट्,प०,ष्टीमँ आर्द्रीभा॒वे  
व्रीड्,दि०,सेट्,प०,व्रीडँ चोद॑ने ल॒ज्जायां॑ च  
इष्,दि०,सेट्,प०,इषँ ईषँ गतौ॑  
सह्,दि०,सेट्,प०,षहँ चक्य॑र्थे  
सुह्,दि०,सेट्,प०,षुहँ चक्य॑र्थे  
जॄ,दि०,सेट्,प०,जॄष् वयोहा॒नौ  
झॄ,दि०,सेट्,प०,झॄष् वयोहा॒नौ  
सू,दि०,सेट्,आ०,(ओँ)षूङ् प्राणिप्रस॒वे  
दू,दि०,सेट्,आ०,(ओँ)दूङ् परिता॒पे  
दी,दि०,सेट्,आ०,(ओँ)दीङ् क्ष॒ये  
डी,दि० ,अनिट् ,आ०,(ओँ)डी॒ङ् विहा॑यसा॒ गतौ॑  
धी,दि० ,अनिट् ,आ०,(ओँ)धी॒ङ् आधा॒रे  
मी,दि० ,अनिट् ,आ०,(ओँ)मी॒ङ् हिं॒साया॑म्  
री,दि० ,अनिट् ,आ०,(ओँ)री॒ङ् श्रव॑णे  
ली,दि० ,अनिट् ,आ०,(ओँ)ली॒ङ् श्लेष॑णे  
व्री,दि० ,अनिट् ,आ०,(ओँ)व्री॒ङ् वृ॒णोत्य॑र्थेँ  
पी,दि० ,अनिट् ,आ०,पी॒ङ् पाने॑  
मा,दि० ,अनिट् ,आ०,मा॒ङ् माने॑  
ई,दि० ,अनिट् ,आ०,ई॒ङ् गतौ॑  
प्री,दि० ,अनिट् ,आ०,प्री॒ङ् प्रीतौ॑ (प्रीण॑ने)  
शो,दि० ,अनिट् ,प०,शो॒ तनू॒कर॑णे  
छो,दि० ,अनिट् ,प०,छो छेद॑ने  
सो,दि० ,अनिट् ,प०,षो॒ अन्तक॒र्मणि॑  
दो,दि० ,अनिट् ,प०,दो॒ अव॒खण्ड॑ने  
जन्,दि०,सेट्,आ०,जनीँ॒ प्रादुर्भा॒वे  
दीप्,दि०,सेट्,आ०,दीपीँ॒ दीप्तौ॑  
पूर्,दि०,सेट्,आ०,पूरीँ॒ आ॒प्याय॑ने  
तूर्,दि०,सेट्,आ०,तूरीँ॒ गतित्वरणहिंस॒नयोः॑  
धूर्,दि०,सेट्,आ०,धूरी॒ हिंसाग॒त्योः  
गूर्,दि०,सेट्,आ०,गूरीँ॒ हिंसाग॒त्योः  
घूर्,दि०,सेट्,आ०,घूरी॒ हिंसावयोह॒न्योः  
जूर्,दि०,सेट्,आ०,जूरीँ॒ हिंसावयोह॒न्योः  
शूर्,दि०,सेट्,आ०,शूरीँ॒ हिंसास्तम्भ॒नयोः॑ (हिंसस्त॒म्भयोः॑)  
चूर्,दि०,सेट्,आ०,चूरीँ॒ दाः॒ए  
तप्,दि० ,अनिट् ,आ०,त॒पँ॒ दाः॒ए ऐश्वे॑र्ये वा  
वृत्,दि०,सेट्,आ०,वृतुँ॒ वर॑णे (वर्त॑ने)  
वावृत्,दि०,सेट्,आ०,वावृतुँ॒ वर॑णे (वर्त॑ने) इति॒ केचि॑त्  
क्लिश्,दि०,सेट्,आ०,क्लिशँ॒ उपता॒पे  
काश्,दि०,सेट्,आ०,काशृँ॒ दीप्तौ॑  
वाश्,दि०,सेट्,आ०,वाशृँ॒ शब्दे॑  
मृष्,दि०,सेट्,उ०,मृषँ॑ तिति॒क्षाया॑म्  
शुच्,दि०,सेट्,उ०,ईँशुचिँ॑र् पूतीभा॒वे  
नह्,दि० ,अनिट् ,उ०,णः॒अँ॑ बन्ध॑ने  
रञ्ज्,दि० ,अनिट् ,उ०,र॒ञ्जँ॑ रा॒गे  
शप्,दि० ,अनिट् ,उ०,श॒पँ॑ आक्रो॒शे  
पद् ,दि० ,अनिट् ,आ०,प॒दँ॒ गतौ॑  
खिद्,दि० ,अनिट् ,आ०,खि॒दँ॒ दैन्ये॑  
विद्,दि० ,अनिट् ,आ०,वि॒दँ॒ सत्ता॑याम्  
बुध्,दि० ,अनिट् ,आ०,बु॒धँ॒ अव॒गम॑ने  
युध्,दि० ,अनिट् ,आ०,यु॒धँ॒ सम्प्रहा॒रे  
अनुरुध्  अनु॑रुध्,दि०,अनिट् ,आ०,आ०    अनोरु॒धँ॒ कामे॑
अण्,दि०,सेट्,आ०,अणँ॒ प्राण॑ने  
अन्,दि०,सेट्,आ०,अनँ॒ प्राण॑ने इत्येके॑  
मन्,दि० ,अनिट् ,आ०,म॒नँ॒ ज्ञाने॑  
युज्,दि० ,अनिट् ,आ०,यु॒जँ॒ समा॒धौ  
सृज्,दि० ,अनिट् ,आ०,सृ॒जँ॒ विस॒र्गे  
लिश्,दि० ,अनिट् ,आ०,लि॒शँ॒ अल्पीभा॒वे  
राध्,दि० ,अनिट् ,प०,रा॒धोक॑र्मका॒द्वृद्धा॑वे॒व  
व्यध्,दि० ,अनिट् ,प०,व्य॒धँ ताड॑ने  
पुष्,दि० ,अनिट् ,प०,पु॒षँ पुष्टौ॑  
शुष्,दि० ,अनिट् ,प०,शु॒षँ शोष॑णे  
तुष्,दि० ,अनिट् ,प०,तु॒षँ प्रीतौ॑  
दुष्,दि० ,अनिट् ,प०,दु॒षँ वैकृ॑त्ये  
श्लिष्,दि० ,अनिट् ,प०,श्लि॒षँ आ॒लिङ्ग॑ने  
शक्,दि० ,अनिट् ,उ०,श॒कँ॑ विभा॑षितो॒ मर्ष॑णे  
स्विद्,दि० ,अनिट् ,प०,ष्वि॒दाँ गात्रप्रक्षर॒णे    ञिष्वि॒दाँ इत्येके॑    ४.८५     
क्रुध्,दि० ,अनिट् ,प०,क्रु॒धँ क्रोधे॑ (कोपे॑)  
क्षुध्,दि० ,अनिट् ,प०,क्षु॒धँ बुभु॒क्षाया॑म्  
शुध्,दि० ,अनिट् ,प०,शु॒धँ शौ॒चे  
सिध्,दि० ,अनिट् ,प०,षि॒धुँ संरा॑द्धौ  
रध्,दि० ,अनिट्   वेट् (७.२.४५ -प०- ७.   २.४५    रधा॑दि०   ),प०,र॒धँ हिंसासंरा॒द्ध्योः 
नश्,दि० ,अनिट्   वेट् (७.२.४५ -प०- ७.   २.४५    रधा॑दि०   ),प०,ण॒शँ अद॑र्शने 
तृप्,दि० ,अनिट्    वेट् (७.२.४५ -प०- ७.   २.४५    रधा॑दि०   ),प०,तृ॒पँ प्रीण॑ने 
दृप्,दि० ,अनिट्   वेट् (७.२.४५ -प०- ७.   २.४५    रधा॑दि०   ),प०,दृ॒पँ हर्षमोह॒नयोः॑ 
द्रुह्,दि० ,अनिट्   वेट् (७.२.४५ -प०- ७.   २.४५    रधा॑दि०   ),प०,द्रुः॒अँ जिघां॒साया॑म् 
मुह्,दि० ,अनिट्   वेट् (७.२.४५ -प०- ७.   २.४५    रधा॑दि०   ),प०,मुः॒अँ वैचि॑त्त्ये 
स्नुह्,दि० ,अनिट्   वेट् (७.२.४५ -प०- ७.   २.४५    रधा॑दि०   ),प०,ष्णुः॒अँ उ॒द्गिर॑णे 
स्निह्,दि० ,अनिट्   वेट् (७.२.४५ -प०- ७.   २.४५    रधा॑दि०   ),प०,ष्णिः॒अँ प्रीतौ॑ 
शम्,दि०,सेट्,प०,शमुँ उपश॒मे  
तम्,दि०,सेट्,प०,तमुँ का॒ङ्क्षाया॑म्  
दम्,दि०,सेट्,प०,दमुँ उपश॒मे  
श्रम्,दि०,सेट्,प०,श्रमुँ तप॑सि खे॒दे च॑  
भ्रम्,दि०,सेट्,प०,भ्रमुँ अन॑वस्थाने  
क्षम्,दि०,सेट्,प०,क्षमूँ सह॑ने  
क्लम्,दि०,सेट्,प०,क्लमुँ ग्लानौ॑  
मद्,दि०,सेट्,प०,मदीँ हर्षे॑  
अस्,दि०,सेट्,प०,असुँ क्षेप॑ने  
यस्,दि०,सेट्,प०,यसुँ प्रय॒त्ने  
जस्,दि०,सेट्,प०,जसुँ मोक्ष॑ने  
तस्,दि०,सेट्,प०,तसुँ उपक्ष॒ये  
दस्,दि०,सेट्,प०,दसुँ च उपक्ष॒ये  
वस्,दि०,सेट्,प०,वसुँ स्त॒म्भे  
बस्,दि०,सेट्,प०,बसुँ स्त॒म्भे इत्येके॑  
भस्,दि०,सेट्,प०,भसुँ स्त॒म्भे इति॒ केचि॑त्  
व्युष्,दि०,सेट्,प०,व्युषँ विभा॒गे  
व्युस्,दि०,सेट्,प०,व्युसँ विभा॒गे इत्येके॑  
ब्युस्,दि०,सेट्,प०,ब्युसँ विभा॒गे इत्य॒न्ये  
बुस्,दि०,सेट्,प०,बुसँ विभा॒गे इत्यप॑रे  
वुस्,दि०,सेट्,प०,वुसँ विभा॒गे इति॒ केचि॑त्  
प्युष्,दि०,सेट्,प०,प्युषँ विभा॒गे इति॒ केचि॑त्  
प्युस्,दि०,सेट्,प०,प्युसँ विभा॒गे इति॒ केचि॑त्  
पुष्,दि०,सेट्,प०,पुषँ विभा॒गे च इति॒ केचि॑त्  
प्लुष्,दि०,सेट्,प०,प्लुषँ दाः॒ए  
बिस्,दि०,सेट्,प०,विसँ प्रेर॑णे  
विस्,दि०,सेट्,प०,बिसँ प्रेर॑णे इत्येके॑  
कुस्,दि०,सेट्,प०,कुसँ सं॒श्लेष॑णे (श्लेष॑णे)  
कुश्,दि०,सेट्,प०,कुशँ सं॒श्लेष॑णे (श्लेष॑णे) इत्येके॑  
कुंस्,दि०,सेट्,प०,कुंसँ सं॒श्लेष॑णे (श्लेष॑णे) इत्य॒न्ये  
कुंश्,दि०,सेट्,प०,कुंशँ सं॒श्लेष॑णे (श्लेष॑णे) इत्यप॑रे  
बुस्,दि०,सेट्,प०,बुसँ उत्स॒र्गे  
मुस्,दि०,सेट्,प०,मुसँ खण्ड॑ने  
मस्,दि०,सेट्,प०,मसीँ परि॒माने॑  
सम्,दि०,सेट्,प०,समीँ परि॒माने॑ इत्येके॑  
लुट्,दि०,सेट्,प०,लुटँ वि॒लोड॑ने  
लुठ्,दि०,सेट्,प०,लुठँ वि॒लोड॑ने इत्येके॑  
उच्,दि०,सेट्,प०,उचँ समवा॒ये  
भृश्,दि०,सेट्,प०,भृशुँ अधःपत॒ने  
भृंश्,दि०,सेट्,प०,भृंशुँ अधःपत॒ने  
भ्रंश्,दि०,सेट्,प०,भ्रंशुँ अधःपत॒ने  
वृश्,दि०,सेट्,प०,वृशँ वर॑णे  
कृश्,दि०,सेट्,प०,कृशँ तनू॒कर॑णे  
तृष्,दि०,सेट्,प०,ञितृषँ (ञितृषाँ) पिपा॒साया॑म्  
हृष्,दि०,सेट्,प०,हृषँ तुष्टौ॑  
रुष्,दि०,सेट्,प०,रुषँ हिं॒साया॑म् (रोषे॑)  
रिष्,दि०,सेट्,प०,रिषँ हिं॒साया॑म्  
डिप्,दि०,सेट्,प०,डिपँ क्षेपे॑  
कुप्,दि०,सेट्,प०,कुपँ क्रोधे॑  
गुप्,दि०,सेट्,प०,गुपँ व्याकुल॒त्वे  
युप्,दि०,सेट्,प०,युपँ वि॒मोह॑ने  
रुप्,दि०,सेट्,प०,रुपँ वि॒मोह॑ने  
लुप्,दि०,सेट्,प०,लुपँ वि॒मोह॑ने  
स्तुप्,दि०,सेट्,प०,ष्टुपँ समुच्च्रा॒ये  
स्तूप्,दि०,सेट्,प०,ष्टूपँ समुच्च्रा॒ये इत्येके॑  
लुभ्,दि०,सेट्,प०,लुभँ गार्द्ध्ये॑ (गार्ध्न्ये॑)  
क्षुभ्,दि०,सेट्,प०,क्षुभँ स॒ञ्चल॑ने  
नभ्,दि०,सेट्,प०,णभँ हिं॒साया॑म्  
तुभ्,दि०,सेट्,प०,तुभँ हिं॒साया॑म्  
क्लिद्,दि०,सेट्,प०,क्लिदूँ आद्रीभा॒वे  
मिद्,दि०,सेट्,प०,ञिमिदाँ स्नेह॑ने  
क्ष्विद्,दि०,सेट्,प०,ञिक्ष्विदाँ स्नेहनमोच॒नयोः॑  
ऋध्,दि०,सेट्,प०,ऋधुँ वृद्धौ॑  
गृध्,दि०,सेट्,प०,गृधुँ अभिका॒ङ्क्षाया॑म्  
सु,स्वा०,अनिट् ,उ०,षु॒ञ् अभिष॒वे  
सि,स्वा०,अनिट् ,उ०,षि॒ञ् बन्ध॑ने  
शि,स्वा०,अनिट् ,उ०,शि॒ञ् नि॒शाने॑  
मि,स्वा०,अनिट् ,उ०,डु॒मि॒ञ् प्र॒क्षेप॑ने  
चि,स्वा०,अनिट् ,उ०,चि॒ञ् चय॑ने  
स्तृ,स्वा०,अनिट् ,उ०,स्तृ॒ञ् आ॒च्चाद॑ने  
कृ,स्वा०,अनिट् ,उ०,कृ॒ञ् हिं॒साया॑म्  
वृ,स्वा०,सेट्,उ०,वृञ् वर॑णे  
धु,स्वा०,अनिट् ,उ०,धु॒ञ् कम्प॑ने  
धू,स्वा०,अनिट् ,उ०,धूञ् कम्प॑ने इत्येके॑  
दु,स्वा०,अनिट् ,प०,टुदु॒ उपता॒पे  
हि,स्वा०,अनिट् ,प०,हि॒ गतौ॒ वृद्धौ॑ च  
पृ,स्वा०,अनिट् ,प०,पृ॒ प्रीतौ॑  
स्पृ,स्वा०,अनिट् ,प०,स्पृ॒ प्रीतिपाल॒नयोः    प्रीतिचल॒नयो॒रित्य॒न्ये
स्मृ,स्वा०,अनिट् ,प०,स्मृ॒ प्रीतिपाल॒नयोः    प्रीतिचल॒नयो॒रित्य॒न्ये इत्येके॑
आप्,स्वा०,अनिट् ,प०,आ॒पॢँ व्या॑प्तौ  
शक्,स्वा०,अनिट् ,प०,श॒कॢँ शक्तौ॑  
राध्,स्वा०,अनिट् ,प०,रा॒धँ संसि॑द्धौ  
साध्,स्वा०,अनिट् ,प०,सा॒धँ संसि॑द्धौ  
अश्,स्वा०,सेट्,आ०,अशूँ॒ व्या॑प्तौ सङ्घा॒ते च॑  
स्तिघ्,स्वा०,सेट्,आ०,ष्टिघँ॒ आ॒स्कन्द॑ने  
तिक्,स्वा०,सेट्,प०,तिकँ आ॒स्कन्द॑ने गतौ॑ च  
तिग्,स्वा०,सेट्,प०,तिगँ आ॒स्कन्द॑ने गतौ॑ च  
सध्,स्वा०,सेट्,प०,षघँ हिं॒साया॑म्  
धृष्,स्वा०,सेट्,प०,ञिधृषाँ प्राग॑ल्भ्ये  
दम्भ्,स्वा०,सेट्,प०,दम्भुँ दम्भ॑ने (द॒म्भे)  
ऋध्,स्वा०,सेट्,प०,ऋधुँ वृद्धौ॑  
तृप्,स्वा०,सेट्,प०,तृपँ प्रीण॑न इत्येके॑  
अह्,स्वा०,सेट्,प०,अहँ व्या॑प्तौ  
दघ्,स्वा०,सेट्,प०,दघँ घात॑ने॒ पाल॑ने च  
चम्,स्वा०,सेट्,प०,चमुँ भक्ष॑णे  
रि,स्वा०,सेट्,प०,रि ऋ हिं॒साया॑म्  
क्षि,स्वा०,सेट्,प०,क्षि क्षी हिं॒साया॑म्    क्षिर्भा॒षाया॒मित्येके॑
चिरि,स्वा०,सेट्,प०,चिरि हिं॒साया॑म्  
जिरि,स्वा०,सेट्,प०,जिरि हिं॒साया॑म्  
दश्,स्वा०,सेट्,प०,दाशँ हिं॒साया॑म्  
दॄ,स्वा०,सेट्,प०,दॄ हिं॒साया॑म्  
ऋ,स्वा०,सेट्,प०,ऋ हिं॒साया॑म् इत्येके॑  
क्षी,स्वा०,सेट्,प०,क्षी हिं॒साया॑म् इत्येके॑    क्षिर्भा॒षाया॒मित्येके॑
तुद्,तु०,अनिट् ,उ०,तु॒दँ॑ व्यथ॑ने  
नुद्,तु०,अनिट् ,उ०,णु॒दँ॑ प्रेर॑णे  
दिश्,तु०,अनिट् ,उ०,दि॒शँ॑ अति॒सर्ज॑ने  
भ्रज्ज्,तु०,अनिट् ,उ०,भ्र॒स्जँ॑ पा॒के  
भ्रस्ज्,तु०,अनिट् ,उ०,भ्र॒स्जँ॑ पा॒के  
क्षिप्,तु०,अनिट् ,उ०,क्षि॒पँ॑ प्रेर॑णे  
कृष्,तु०,अनिट् ,उ०,कृ॒षँ॑ वि॒लेख॑ने  
ऋष्,तु०,सेट्,प०,ऋषीँ गतौ॑  
जुष्,तु०,सेट्,आ०,जुषीँ॒ प्रीतिसेव॒नयोः॑  
विज्,तु०,सेट्,आ०,ओँविजीँ॒ भयचल॒नयोः॑  
लज्,तु०,सेट्,आ०,ओँलजीँ॒ व्री॒डाया॑म् (व्री॒डे)  
लज्ज्,तु०,सेट्,आ०,ओँलस्जीँ॒ व्री॒डाया॑म् (व्री॒डे)  
लस्ज्,तु०,सेट्,आ०,ओँलस्जीँ॒ व्री॒डाया॑म् (व्री॒डे)  
व्रश्च्,तु०,सेट्,प०,ओँव्रश्चूँ चेद॑ने  
व्यच्,तु०,सेट्,प०,व्यचँ व्या॒जी॒कर॑णे  
उञ्च्,तु०,सेट्,प०,उचिँ उ॒ञ्चे  
उच्,तु०,सेट्,प०,उचीँ विवा॒से  
ऋच्,तु०,सेट्,प०,ऋचँ गतीन्द्रियप्रलयमूर्तिभा॒वेषु॑  
मिच्,तु०,सेट्,प०,मिचँ उत्क्ले॒शे  
जर्ज्,तु०,सेट्,प०,जर्जँ परिभाषणभर्त्स॒नयोः॑  
चर्च्,तु०,सेट्,प०,चर्चँ परिभाषणभर्त्स॒नयोः॑  
झर्झ्,तु०,सेट्,प०,झर्झँ परिभाषणभर्त्स॒नयोः॑  
त्वच्,तु०,सेट्,प०,त्वचँ सं॒वर॑णे  
ऋच्,तु०,सेट्,प०,ऋचँ स्तुतौ॑  
उब्ज्,तु०,सेट्,प०,उब्जँ आर्ज॒वे  
उज्झ्,तु०,सेट्,प०,उज्झँ (उद्झँ) उत्स॒र्गे  
उद्झ्,तु०,सेट्,प०,उज्झँ (उद्झँ) उत्स॒र्गे  
लुभ्,तु०,सेट्,प०,लुभँ वि॒मोह॑ने  
रिफ्,तु०,सेट्,प०,रिफँ कत्थनयुद्धनिन्दाहिंसादा॒नेषु॑  
रिह्,तु०,सेट्,प०,रिहँ कत्थनयुद्धनिन्दाहिंसादा॒नेषु॑ इत्येके॑  
तृप्,तु०,सेट्,प०,तृपँ तृप्तौ॑  
तृम्प्,तु०,सेट्,प०,तृम्पँ तृप्तौ॑  
तृफ्,तु०,सेट्,प०,तृफँ तृप्तौ॑ इत्येके॑  
तृम्फ्,तु०,सेट्,प०,तृम्फँ तृप्तौ॑ इत्येके॑  
तुप्,तु०,सेट्,प०,तुपँ हिं॒साया॑म्  
तुम्प्,तु०,सेट्,प०,तुम्पँ हिं॒साया॑म्  
तुफ्,तु०,सेट्,प०,तुफँ हिं॒साया॑म्  
तुम्फ्,तु०,सेट्,प०,तुम्फँ हिं॒साया॑म्  
दृप्,तु०,सेट्,प०,दृपँ उ॒त्क्लेशे॑  
दृम्प्,तु०,सेट्,प०,दृम्पँ उ॒त्क्लेशे॑  
दृफ्,तु०,सेट्,प०,दृफँ उ॒त्क्लेशे॑ इत्येके॑  
दृम्फ्,तु०,सेट्,प०,दृम्फँ उ॒त्क्लेशे॑ इत्येके॑  
ऋफ्,तु०,सेट्,प०,ऋफँ हिं॒साया॑म्  
ऋम्फ्,तु०,सेट्,प०,ऋम्फँ हिं॒साया॑म्  
गुफ्,तु०,सेट्,प०,गुफँ ग्र॒न्थे  
गुम्फ्,तु०,सेट्,प०,गुम्फँ ग्र॒न्थे  
उभ्,तु०,सेट्,प०,उभँ पूर॑णे  
उम्भ्,तु०,सेट्,प०,उम्भँ पूर॑णे  
शुभ्,तु०,सेट्,प०,शुभँ शो॒भार्थे॑  
शुम्भ्,तु०,सेट्,प०,शुम्भँ शो॒भार्थे॑  
दृभ्,तु०,सेट्,प०,दृभीँ ग्र॒न्थे  
चृत्,तु०,सेट्,प०,चृतीँ हिंसाग्रन्थ॒नयोः॑  
विध्,तु०,सेट्,प०,विधँ विधा॒ने  
जुड्,तु०,सेट्,प०,जुडँ गतौ॑  
जुन्,तु०,सेट्,प०,जुनँ गतौ॑ इत्येके॑  
मृड्,तु०,सेट्,प०,मृडँ सुख॑ने  
पृड्,तु०,सेट्,प०,पृडँ सुख॑ने च  
पृण्,तु०,सेट्,प०,पृणँ प्रीण॑ने  
वृण्,तु०,सेट्,प०,वृणँ च प्रीण॑ने  
मृण्,तु०,सेट्,प०,मृणँ हिं॒साया॑म्  
तुण्,तु०,सेट्,प०,तुणँ कौटि॑ल्ये  
पुण्,तु०,सेट्,प०,पुणँ कर्म॑णि॒ शुभे॑  
मुण्,तु०,सेट्,प०,मुणँ प्रति॒ज्ञाने॑  
कुण्,तु०,सेट्,प०,कुणँ शब्दोपकर॒णयोः॑ (शब्दोपता॒पयोः॑)  
शुन्,तु०,सेट्,प०,शुनँ गतौ॑  
द्रुण्,तु०,सेट्,प०,द्रुणँ हिंसागतिकौटि॒ल्येषु॑  
घुण्,तु०,सेट्,प०,घुणँ भ्रम॑णे  
घूर्ण्,तु०,सेट्,प०,घूर्णँ भ्रम॑णे  
सुर्,तु०,सेट्,प०,षुरँ ऐश्वर्यदी॒प्त्योः  
कुर्,तु०,सेट्,प०,कुरँ शब्दे॑  
खुर्,तु०,सेट्,प०,खुरँ चेद॑ने  
मुर्,तु०,सेट्,प०,मुरँ सं॒वेष्ट॑ने (स॒ञ्चेष्ट॑ने)  
क्षुर्,तु०,सेट्,प०,क्षुरँ वि॒लेख॑ने  
घुर्,तु०,सेट्,प०,घुरँ भीमार्थश॒ब्दयोः॑  
पुर्,तु०,सेट्,प०,पुरँ अग्रगम॒ने  
वृह्,तु०,सेट्,प०,वृहूँ उ॒द्यम॑ने  
बृह्,तु०,सेट्,प०,बृहूँ उ॒द्यम॑ने इत्येके॑  
तृह्,तु०,सेट्,प०,तृहूँ हिं॒सार्थः॑  
स्तृह्,तु०,सेट्,प०,स्तृहूँ हिं॒सार्थः॑  
तृंह्,तु०,सेट्,प०,तृंहूँ हिं॒सार्थाः॑  
इष्,तु०,सेट्,प०,इषँ (इषुँ) इ॒च्चाया॑म्  
मिष्,तु०,सेट्,प०,मिषँ स्प॒र्धाया॑म्  
किल्,तु०,सेट्,प०,किलँ श्वैत्यक्रीड॒नयोः॑ (श्वैत्ये॑)  
तिल्,तु०,सेट्,प०,तिलँ स्नेह॑ने (स्नेहे॑)  
चिल्,तु०,सेट्,प०,चिलँ वस॑ने  
चल्,तु०,सेट्,प०,चलँ वि॒लस॑ने  
इल्,तु०,सेट्,प०,इलँ स्वप्नक्षेप॒नयोः॑  
विल्,तु०,सेट्,प०,विलँ सं॒वर॑णे  
बिल्,तु०,सेट्,प०,बिलँ भेद॑ने  
निल्,तु०,सेट्,प०,णिलँ गह॑ने  
हिल्,तु०,सेट्,प०,हिलँ भावकर॒णे  
शिल्,तु०,सेट्,प०,शिलँ उ॒ञ्चे  
सिल्,तु०,सेट्,प०,षिलँ उ॒ञ्चे  
मिल्,तु०,सेट्,प०,मिलँ श्लेष॑णे  
लिख्,तु०,सेट्,प०,लिखँ अक्षरविन्या॒से  
कुट्,तु०,सेट्,प०,कुटँ कौटि॑ल्ये  
पुट्,तु०,सेट्,प०,पुटँ सं॒श्लेष॑णे  
कुच्,तु०,सेट्,प०,कुचँ स॒ङ्कोच॑ने  
गुज्,तु०,सेट्,प०,गुजँ शब्दे॑  
गुड्,तु०,सेट्,प०,गुडँ र॒क्षाया॑म्  
डिप्,तु०,सेट्,प०,डिपँ क्षेपे॑  
चुर्,तु०,सेट्,प०,चुरँ चेद॑ने  
स्फुट्,तु०,सेट्,प०,स्फुटँ वि॒कस॑ने  
मुट्,तु०,सेट्,प०,मुटँ आक्षेपप्रमर्द॒नयोः॑  
त्रुट्,तु०,सेट्,प०,त्रुटँ चेद॑ने  
तुट्,तु०,सेट्,प०,तुटँ कलहक॒र्मणि॑  
चुट्,तु०,सेट्,प०,चुटँ चेद॑ने  
चुट्,तु०,सेट्,प०,चुटँ चेद॑ने  
जुड्,तु०,सेट्,प०,जुडँ बन्ध॑ने  
जुट्,तु०,सेट्,प०,जुटँ बन्ध॑ने इत्येके॑  
कड्,तु०,सेट्,प०,कडँ मदे॑  
लुट्,तु०,सेट्,प०,लुटँ सं॒श्लेष॑णे  
लुठ्,तु०,सेट्,प०,लुठँ सं॒श्लेष॑णे इत्येके॑  
लुड्,तु०,सेट्,प०,लुडँ सं॒श्लेष॑णे इत्य॒न्ये  
कृड्,तु०,सेट्,प०,कृडँ घन॒त्वे  
कुड्,तु०,सेट्,प०,कुडँ बाल्ये॑  
पुड्,तु०,सेट्,प०,पुडँ उत्स॒र्गे  
घुट्,तु०,सेट्,प०,घुटँ प्रतिघा॒ते  
तुड्,तु०,सेट्,प०,तुडँ तोड॑ने  
थुड्,तु०,सेट्,प०,थुडँ सं॒वर॑णे  
स्थुड्,तु०,सेट्,प०,स्थुडँ सं॒वर॑णे  
खुड्,तु०,सेट्,प०,खुडँ सं॒वर॑णे इत्येके॑  
चुड्,तु०,सेट्,प०,चुडँ सं॒वर॑णे इत्येके॑  
स्फुर्,तु०,सेट्,प०,स्फुरँ स॒ञ्चल॑ने    स्फुरँ स्फुर॑ण इत्येके॑
स्फुल्,तु०,सेट्,प०,स्फुलँ स॒ञ्चल॑ने  
स्फर्,तु०,सेट्,प०,स्फरँ स॒ञ्चल॑ने इत्य॒न्ये  
स्फल्,तु०,सेट्,प०,स्फलँ स॒ञ्चल॑ने इत्य॒न्ये  
स्फुड्,तु०,सेट्,प०,स्फुडँ सं॒वर॑णे  
चुड्,तु०,सेट्,प०,चुडँ सं॒वर॑णे  
व्रुड्,तु०,सेट्,प०,व्रुडँ सं॒वर॑णे  
क्रुड्,तु०,सेट्,प०,क्रुडँ नि॒मज्ज॑ने इत्येके॑  
भृड्,तु०,सेट्,प०,भृडँ नि॒मज्ज॑ने इत्येके॑  
हुड्,तु०,सेट्,प०,(हुडँ सङ्घा॒ते)  
गुर्,तु०,सेट्,आ०,गुरीँ॒ उ॒द्यम॑ने  
नु,तु०,सेट्,प०,णू (णु) स्तुतौ॑  
नू,तु०,सेट्,प०,णू (णु) स्तुतौ॑  
धु,तु०,सेट्,प०,धू (धु) वि॒धून॑ने  
धू,तु०,सेट्,प०,धू (धु) वि॒धून॑ने  
गु,तु०,अनिट् ,प०,गु॒ पुरीषोत्स॒र्गे  
ध्रु,तु०,अनिट् ,प०,ध्रु॒ गतिस्थै॒र्ययोः॑    ध्रु॒व इत्येके॑
कु,तु०,सेट्,आ०,कुङ् शब्दे॑  
कू,तु०,सेट्,आ०,कूङ् शब्दे॑ इत्येके॑  
पृ,तु०,अनिट् ,आ०,पृ॒ङ् व्याया॒मे  
मृ,तु०,अनिट् ,आ०,मृ॒ङ् प्राणत्या॒गे  
रि,तु०,अनिट् ,प०,रि॒ गतौ॑  
पि,तु०,अनिट् ,प०,पि॒ गतौ॑  
धि,तु०,अनिट् ,प०,धि॒ धार॑णे  
क्षि,तु०,अनिट् ,प०,क्षि॒ निवासग॒त्योः  
सू,तु०,सेट्,प०,षू प्रेरणे  
कॄ,तु०,सेट्,प०,कॄ विक्षे॒पे (निक्षे॒पे)  
गॄ,तु०,सेट्,प०,गॄ नि॒गर॑णे  
दृ,तु०,अनिट् ,आ०,दृ॒ङ् आद॒रे  
धृ,तु०,अनिट् ,आ०,धृ॒ङ् अव॒स्थाने॑  
प्रच्,तु०,अनिट् ,प०,प्र॒चँ ज्ञी॒प्साया॑म्  
सृज्,तु०,अनिट् ,प०,सृ॒जँ विस॒र्गे  
मज्ज्,तु०,अनिट् ,प०,टुम॒स्जोँ शुद्धौ॑  
मस्ज्,तु०,अनिट् ,प०,टुम॒स्जोँ शुद्धौ॑  
रुज्,तु०,अनिट् ,प०,रु॒जोँ भ॒ङ्गे  
भुज्,तु०,अनिट् ,प०,भु॒जोँ कौटि॑ल्ये  
चुप्,तु०,अनिट् ,प०,चु॒पँ स्प॒र्शे  
रुश्,तु०,अनिट् ,प०,रु॒शँ हिं॒साया॑म्  
रिश्,तु०,अनिट् ,प०,रि॒शँ हिं॒साया॑म्  
लिश्,तु०,अनिट् ,प०,लि॒शँ गतौ॑  
स्पृश्,तु०,अनिट् ,प०,स्पृ॒शँ सं॒स्पर्श॑ने  
विच्,तु०,सेट्,प०,विचँ गतौ॑  
विश्,तु०,अनिट् ,प०,वि॒शँ प्र॒वेश॑ने  
मृश्,तु०,अनिट् ,प०,मृ॒शँ आ॒मर्श॑णे  
नुद्,तु०,अनिट् ,प०,णु॒दँ प्रेर॑णे  
सद्,तु०,अनिट् ,प०,ष॒दॢँ विशरणगत्यवसाद॒नेषु॑  
शद्,तु०,अनिट् ,प०,श॒दॢँ शात॑ने  
मिल्,तु०,सेट्,उ०,मिलँ॑ सङ्ग॒मे (स॒ङ्गम॑ने)  
मुच्,तु०,अनिट् ,उ०,मु॒चॢँ॑ मोक्ष॑णे (मोच॑ने)  
लुप्,तु०,अनिट् ,उ०,लु॒पॢँ॑ चेद॑ने  
विद्,तु०,सेट्,उ०,विदॢँ॑ ला॒भे  
लिप्,तु०,अनिट् ,उ०,लि॒पँ॑ उपदेः॒ए  
सिच्,तु०,अनिट् ,उ०,षि॒चँ॑ क्षर॑णे  
कृत्,तु०,सेट्,प०,कृतीँ चेद॑ने  
खिद्,तु०,अनिट् ,प०,खि॒दँ परिघा॒ते (परि॒घात॑ने)  
पिश्,तु०,सेट्,प०,पिशँ अवय॒वे    अ॒यं दीपनायामपि
रुध्,रु०,अनिट् ,उ०,रु॒धिँ॑र् आ॒वर॑णे  
भिद्,रु०,अनिट् ,उ०,भि॒दिँ॑र् वि॒दार॑णे  
चिद्,रु०,अनिट् ,उ०,चि॒दिँ॑र् द्वैधी॒कर॑णे  
रिच्,रु०,अनिट् ,उ०,रि॒चिँ॑र् वि॒रेच॑ने  
विच्,रु०,अनिट् ,उ०,वि॒चिँ॑र् पृथग्भा॒वे  
क्षुद्,रु०,अनिट् ,उ०,क्षु॒दिँ॑र् स॒म्प्रेष॑णे  
युज्,रु०,अनिट् ,उ०,यु॒जिँ॑र् योगे॑  
चृद्,रु०,सेट्,उ०,उँचृदिँ॑र् दीप्तिदेव॒नयोः॑  
तृद्,रु०,सेट्,उ०,उँतृदिँ॑र् हिंसानाद॒रयोः॑  
कृत्,रु०,सेट्,प०,कृतीँ वेष्ट॑ने  
इन्ध्,रु०,सेट्,आ०,ञिऽ॒न्धीँ दीप्तौ॑  
खिद्,रु०,अनिट् ,आ०,खि॒दँ॒ दैन्ये॑  
विद्,रु०,अनिट् ,आ०,वि॒दँ॒ वि॒चार॑णे  
शिष्,रु०,अनिट् ,प०,शि॒षॢँ वि॒शेष॑णे  
पिष्,रु०,अनिट् ,प०,पि॒षॢँ स॒ञ्चूर्ण॑ने  
भञ्ज्,रु०,अनिट् ,प०,भ॒ञ्जोँ आ॒मर्द॑ने  
भुज्,रु०,अनिट् ,प०,भु॒जँ पालनाभ्यवहा॒रयोः॑  
तृह्,रु०,सेट्,प०,तृहँ हिं॒साया॑म्  
हिंस्,रु०,सेट्,प०,हिसिँ हिं॒साया॑म्  
उन्द्,रु०,सेट्,प०,उन्दीँ क्लेद॑ने  
अञ्ज्,रु०,सेट्,प०,अञ्जूँ व्यक्तिम्रक्षणकान्तिग॒तिषु॑ (व्यक्तिमर्षणकान्तिग॒तिषु॑)  
तञ्च्,रु०,सेट्,प०,तञ्चूँ स॒ङ्कोच॑ने  
विज्,रु०,सेट्,प०,ओँविजीँ भयचल॒नयोः॑  
वृज्,रु०,सेट्,प०,वृजीँ वर्ज॑ने  
पृच्,रु०,सेट्,प०,पृचीँ सम्प॒र्के  
तन्,त० ,सेट्,उ०,तनुँ॑ विस्ता॒रे  
सन्,त० ,सेट्,उ०,षनुँ॑ दा॒ने  
क्षण्,त० ,सेट्,उ०,क्षणुँ॑ हिं॒साया॑म्  
क्षिण्,त० ,सेट्,उ०,क्षिणुँ॑ हिं॒साया॑म् च  
ऋण्,त० ,सेट्,उ०,ऋणुँ॑ गतौ॑  
तृण्,त० ,सेट्,उ०,तृणुँ॑ अद॑ने  
घृण्,त० ,सेट्,उ०,घृणुँ॑ दीप्तौ॑  
वन्,त० ,सेट्,आ०,वनुँ॒ (वनुँ) याच॑ने
मन्,त० ,सेट्,आ०,मनुँ॒ अव॒बोध॑ने  
कृ,त० ,अनिट् ,उ०,डुकृ॒ञ् कर॑णे  
क्री,क्र्या०,अनिट् ,उ०,डुक्री॒ञ् द्रव्यविनिम॒ये  
प्री,क्र्या०,अनिट् ,उ०,प्री॒ञ् तर्प॑ने॒ कान्तौ॑ च  
श्री,क्र्या०,अनिट् ,उ०,श्री॒ञ् पा॒के  
मी,क्र्या०,अनिट् ,उ०,मी॒ञ् हिं॒साया॑म् (बन्ध॑ने) (माने॑)  
सि,क्र्या०,अनिट् ,उ०,षि॒ञ् बन्ध॑ने  
स्कु,क्र्या०,अनिट् ,उ०,स्कु॒ञ् आ॒प्रव॑ने  
स्तम्भ्,क्र्या०,अनिट् ,प०,स्त॒म्भुँ रोध॑न॒ इत्येके॑    स्त॒म्भ इति॒ माध॑वः
स्तुम्भ्,क्र्या०,अनिट् ,प०,स्तु॒म्भुँ रोध॑न॒ इत्येके॑    नि॒ष्कोष॑णे इत्य॒न्ये
स्कम्भ्,क्र्या०,अनिट् ,प०,स्क॒म्भुँ रोध॑न॒ इत्येके॑    स्त॒म्भ इति॒ माध॑वः 
स्कुम्भ्,क्र्या०,अनिट् ,प०,स्कु॒म्भुँ रोध॑न॒ इत्येके॑    धार॑ण इत्य॒न्ये
यु,क्र्या०,अनिट् ,उ०,यु॒ञ् बन्ध॑ने  
क्नू,क्र्या०,सेट्,उ०,क्नूञ् शब्दे॑  
द्रू,क्र्या०,सेट्,उ०,द्रूञ् हिं॒साया॑म्  
पू,क्र्या०,सेट्,उ०,पूञ् पव॑ने  
मू,क्र्या०,सेट्,उ०,मूञ् बन्ध॑ने  
लू,क्र्या०,सेट्,उ०,लूञ् चेद॑ने  
स्तॄ,क्र्या०,सेट्,उ०,स्तॄञ् आ॒च्चाद॑ने  
कॄ,क्र्या०,सेट्,उ०,कॄञ् हिं॒साया॑म्  
वॄ,क्र्या०,सेट्,उ०,वॄञ् वर॑णे  
धू,क्र्या०,सेट्,उ०,धूञ् कम्प॑ने  
शॄ,क्र्या०,सेट्,प०,शॄ हिं॒साया॑म्  
पॄ,क्र्या०,सेट्,प०,पॄ पालनपूर॒णयोः॑ 
वॄ,क्र्या०,सेट्,प०,वॄ वर॑णे    भर॑ण॒ इत्येके॑
भॄ,क्र्या०,सेट्,प०,भॄ भर्त्स॑ने    भर॒नेप्येके॑
मॄ,क्र्या०,सेट्,प०,मॄ हिं॒साया॑म्  
दॄ,क्र्या०,सेट्,प०,दॄ वि॒दार॑णे  
जॄ,क्र्या०,सेट्,प०,जॄ वयोहा॒नौ  
झॄ,क्र्या०,सेट्,प०,झॄ वयोहा॒नौ इत्येके॑  
धॄ,क्र्या०,सेट्,प०,धॄ वयोहा॒नौ इत्य॒न्ये  
नॄ,क्र्या०,सेट्,प०,नॄ न॒ये  
कॄ,क्र्या०,सेट्,प०,कॄ हिं॒साया॑म्  
ॠ,क्र्या०,सेट्,प०,ॠ गतौ॑  
गॄ,क्र्या०,सेट्,प०,गॄ शब्दे॑  
ज्या,क्र्या०,अनिट् ,प०,ज्या॒ वयोहा॒नौ  
री,क्र्या०,अनिट् ,प०,री॒ गतिरेष॒णयोः॑  
ली,क्र्या०,अनिट् ,प०,ली॒ श्लेष॑णे  
व्ली,क्र्या०,अनिट् ,प०,व्ली॒ वर॑णे  
ब्ली,क्र्या०,अनिट् ,प०,ब्ली॒ वर॑णे इत्येके॑  
प्ली,क्र्या०,अनिट् ,प०,प्ली॒ गतौ॑  
व्री,क्र्या०,अनिट् ,प०,व्री॒ वर॑णे  
क्षीष्,क्र्या०,अनिट् ,प०,क्षी॒ष् हिं॒साया॑म्  
भ्री,क्र्या०,अनिट् ,प०,भ्री॒ भ॒ये    भर॑ण॒ इत्येके॑
ज्ञा,क्र्या०,अनिट् ,प०,ज्ञा॒ अव॒बोध॑ने  
बन्ध्,क्र्या०,अनिट् ,प०,ब॒न्धँ बन्ध॑ने  
वृ,क्र्या०,सेट्,आ०,वृङ् सम्भ॑क्तौ  
श्रन्थ्,क्र्या०,सेट्,प०,श्रन्थँ विमोचनप्रतिह॒र्षयोः॑  
मन्थ्,क्र्या०,सेट्,प०,मन्थँ वि॒लोड॑ने  
श्रन्थ्,क्र्या०,सेट्,प०,श्रन्थँ सन्द॒र्भे  
ग्रन्थ्,क्र्या०,सेट्,प०,ग्रन्थँ सन्द॒र्भे  
कुन्थ्,क्र्या०,सेट्,प०,कुन्थँ सं॒श्लेष॑णे  
मृद्,क्र्या०,सेट्,प०,मृदँ क्षोदे॑  
मृड्,क्र्या०,सेट्,प०,मृडँ (क्षोदे॑) सु॒खे च॑  
गुध्,क्र्या०,सेट्,प०,गुधँ रोषे॑  
कुष्,क्र्या०,सेट्,प०,कुषँ निष्क॒र्षे  
क्षुभ्,क्र्या०,सेट्,प०,क्षुभँ स॒ञ्चल॑ने  
नभ्,क्र्या०,सेट्,प०,णभँ हिं॒साया॑म्  
तुभ्,क्र्या०,सेट्,प०,तुभँ हिं॒साया॑म्  
क्लिश्,क्र्या०,सेट्,प०,क्लिशूँ वि॒बाध॑ने  
अश्,क्र्या०,सेट्,प०,अशँ भोज॑ने  
ध्रस्,क्र्या०,सेट्,प०,उँध्र॒सँ उ॒ञ्चे  
इष्,क्र्या०,सेट्,प०,इषँ आभी॑क्ष्ण्ये  
विष्,क्र्या०,अनिट् ,प०,वि॒षँ विप्रयो॒गे  
प्रुष्,क्र्या०,सेट्,प०,प्रुषँ स्नेहनसेवनपूर॒णेषु॑  
प्लुष्,क्र्या०,सेट्,प०,प्लुषँ स्नेहनसेवनपूर॒णेषु॑  
पुष्,क्र्या०,सेट्,प०,पुषँ पुष्टौ॑  
मुष्,क्र्या०,सेट्,प०,मुषँ स्तेये॑  
खच्,क्र्या०,सेट्,प०,खचँ भूतप्रादुर्भा॒वे  
खव्,क्र्या०,सेट्,प०,खवँ भूतप्रादुर्भा॒वे इत्येके॑  
हेठ्,क्र्या०,सेट्,प०,हेठँ हेढँ च भूतप्रादुर्भा॒वे  
हेढ्,क्र्या०,सेट्,प०,हेढँ च भूतप्रादुर्भा॒वे इत्येके॑  
ग्रह्,क्र्या०,सेट्,उ०,ग्रहँ॑ उपादा॒ने  
चुर्,चु०,सेट्,उ०,चुरँ स्तेये॑
चिन्त्,चु०,सेट्,उ०,चितिँ स्मृत्या॑म्
यन्त्र्,चु०,सेट्,उ०,यत्रिँ स॒ङ्कोच॑ने
स्फुण्ड्,चु०,सेट्,उ०,स्फुडिँ परिहा॒से
स्फुण्ट्,चु०,सेट्,उ०,स्फुटिँ इत्यपि॑ परिहा॒से
लक्ष्,चु०,सेट्,उ०,लक्षँ दर्शनाङ्क॒नयोः॑
कुन्द्र्,चु०,सेट्,उ०,कुद्रिँ अनृतभाष॒णे
कुद्,चु०,सेट्,उ०,कुदृँ अनृतभाष॒णे इत्येके॑
कुण्ड्,चु०,सेट्,उ०,कुडिँ अनृतभाष॒णे इत्यप॑रे
लड्,चु०,सेट्,उ०,लडँ उपसे॒वाया॑म्
मिन्द्,चु०,सेट्,उ०,मिदिँ स्नेह॑ने
मिद्,चु०,सेट्,उ०,मिदँ स्नेह॑ने इत्येके॑
लण्ड्,चु०,सेट्,उ०,ओँलडिँ ओलडिँ उ॒त्क्षेप॑ने उँलडिँ इत्य॒न्ये 
ओलण्ड्,चु०,सेट्,उ०,ओँलडिँ उ॒त्क्षेप॑ने इत्येके॑
जल्,चु०,सेट्,उ०,जलँ अप॒वार॑णे
लज्,चु०,सेट्,उ०,लजँ अप॒वार॑णे इत्येके॑
पीड्,चु०,सेट्,उ०,पीडँ अव॒गाह॑ने
नट्,चु०,सेट्,उ०,नटँ अव॒स्यन्द॑ने
श्रथ्,चु०,सेट्,उ०,श्रथँ प्रय॒त्ने प्र॒स्थान॒ इत्येके॑ 
बध्,चु०,सेट्,उ०,बधँ सं॒यम॑ने
बन्ध्,चु०,सेट्,उ०,बन्धँ सं॒यम॑ने इति॒ चान्द्राः॑
पॄ,चु०,सेट्,उ०,पॄँ पूर॑णे
ऊर्ज्,चु०,सेट्,उ०,ऊर्जँ बलप्राण॒नयोः॑
पक्ष्,चु०,सेट्,उ०,पक्षँ परिग्रः॒ए
वर्ण्,चु०,सेट्,उ०,वर्णँ प्रेर॑णे वर्णँ वर्ण॑न इत्येके॑ 
चूर्ण्,चु०,सेट्,उ०,चूर्णँ प्रेर॑णे
प्रथ्,चु०,सेट्,उ०,प्रथँ प्र॒ख्याने॑
पृथ्,चु०,सेट्,उ०,पृथँ प्रक्षे॒पे
पथ्,चु०,सेट्,उ०,पथँ प्रक्षे॒पे इत्येके॑
सम्ब्,चु०,सेट्,उ०,षम्बँ स॒म्बन्ध॑ने
शम्ब्,चु०,सेट्,उ०,शम्बँ स॒म्बन्ध॑ने च
साम्ब्,चु०,सेट्,उ०,साम्बँ स॒म्बन्ध॑ने इत्येके॑
भक्ष्,चु०,सेट्,उ०,भक्षँ अद॑ने
कुट्ट्,चु०,सेट्,उ०,कुट्टँ चेदनभर्त्स॒नयोः॑
पुट्ट्,चु०,सेट्,उ०,पुट्टँ अल्पीभा॒वे
चुट्ट्,चु०,सेट्,उ०,चुट्टँ अल्पीभा॒वे
अट्ट्,चु०,सेट्,उ०,अट्टँ अना॑दरे
सुट्ट्,चु०,सेट्,उ०,षुट्टँ अना॑दरे
लुण्ट्,चु०,सेट्,उ०,लुण्टँ स्तेये॑
लुण्ठ्,चु०,सेट्,उ०,लुण्ठँ स्तेये॑ इति॒ केचि॑त्
शठ्,चु०,सेट्,उ०,शठँ असंस्कारग॒त्योः
श्वठ्,चु०,सेट्,उ०,श्वठँ असंस्कारग॒त्योः
श्वण्ठ्,चु०,सेट्,उ०,श्वठिँ असंस्कारग॒त्योः इत्येके॑
तुज्,चु०,सेट्,उ०,तुजँ हिंसाबलादाननिकेत॒नेषु॑
तुञ्ज्,चु०,सेट्,उ०,तुजिँ हिंसाबलादाननिकेत॒नेषु॑
पिज्,चु०,सेट्,उ०,पिजँ हिंसाबलादाननिकेत॒नेषु॑
पिञ्ज्,चु०,सेट्,उ०,पिजिँ हिंसाबलादाननिकेत॒नेषु॑
लञ्ज्,चु०,सेट्,उ०,लजिँ हिंसाबलादाननिकेत॒नेषु॑
लुञ्ज्,चु०,सेट्,उ०,लुजिँ हिंसाबलादाननिकेत॒नेषु॑
पिस्,चु०,सेट्,उ०,पिसँ गतौ॑
सान्त्व्,चु०,सेट्,उ०,षान्त्वँ सामप्रयो॒गे
शान्त्व्,चु०,सेट्,उ०,शान्त्वँ सामप्रयो॒गे इत्येके॑
श्वल्क्,चु०,सेट्,उ०,श्वल्कँ परि॒भाष॑णे
वल्क्,चु०,सेट्,उ०,वल्कँ परि॒भाष॑णे
स्निह्,चु०,सेट्,उ०,ष्णिहँ स्नेह॑ने
स्फिट्,चु०,सेट्,उ०,स्फिटँ स्नेह॑ने इत्येके॑
स्मिट्,चु०,सेट्,उ०,स्मिटँ अना॑दरे
स्मि,चु०,सेट्,उ०,ष्मिङ् अना॑दरे इत्येके॑
श्लिष्,चु०,सेट्,उ०,श्लिषँ श्लेष॑णे
पन्थ्,चु०,सेट्,उ०,पथिँ गतौ॑
पिच्,चु०,सेट्,उ०,पिचँ कुट्ट॑ने
चन्द्,चु०,सेट्,उ०,चदिँ सं॒वर॑णे
श्रण्,चु०,सेट्,उ०,श्रणँ दा॒ने
तड्,चु०,सेट्,उ०,तडँ आघा॒ते
खड्,चु०,सेट्,उ०,खडँ खण्ड॑ने (भेद॑ने)
खण्ड्,चु०,सेट्,उ०,खडिँ खण्ड॑ने (भेद॑ने)
कण्ड्,चु०,सेट्,उ०,कडिँ खण्ड॑ने (भेद॑ने)
कुण्ड्,चु०,सेट्,उ०,कुडिँ रक्ष॑णे
गुण्ड्,चु०,सेट्,उ०,गुडिँ रक्ष॑णे वेष्ट॑ने (च) रक्ष॑ण॒ इत्येके॑ 
कुण्ठ्,चु०,सेट्,उ०,कुठिँ रक्ष॑णे वेष्ट॑ने (च) रक्ष॑ण॒ इत्येके॑ इत्य॒न्ये 
गुण्ठ्,चु०,सेट्,उ०,गुठिँ रक्ष॑णे वेष्ट॑ने (च) रक्ष॑ण॒ इत्येके॑ इत्यप॑रे 
खुण्ड्,चु०,सेट्,उ०,खुडिँ खण्ड॑ने
वण्ट्,चु०,सेट्,उ०,वटिँ वि॒भाज॑ने
वण्ड्,चु०,सेट्,उ०,वडिँ वि॒भाज॑ने इत्येके॑
चण्ड्,चु०,सेट्,उ०,चडिँ कोपे॑ चण्ड॒ इत्य॒न्ये 
मण्ड्,चु०,सेट्,उ०,मडिँ भू॒षायां॒ हर्षे॑ च
भण्ड्,चु०,सेट्,उ०,भडिँ क॒ल्याणे॑
चर्द्,चु०,सेट्,उ०,चर्द (चृदँ) वम॑ने
पुस्त्,चु०,सेट्,उ०,पुस्तँ आदरानाद॒रयोः॑
बुस्त्,चु०,सेट्,उ०,बुस्तँ आदरानाद॒रयोः॑
चुद्,चु०,सेट्,उ०,चुदँ स॒ञ्चोद॑ने
नक्क्,चु०,सेट्,उ०,नक्कँ नाश॑ने
धक्क्,चु०,सेट्,उ०,धक्कँ नाश॑ने
चक्क्,चु०,सेट्,उ०,चक्कँ व्यथ॑ने
चुक्क्,चु०,सेट्,उ०,चुक्कँ व्यथ॑ने
क्षल्,चु०,सेट्,उ०,क्षलँ शौचक॒र्मणि॑
तल्,चु०,सेट्,उ०,तलँ प्रति॒ष्ठाया॑म्
तुल्,चु०,सेट्,उ०,तुलँ उ॒न्माने॑
दुल्,चु०,सेट्,उ०,दुलँ उत्क्षे॒पे
पुल्,चु०,सेट्,उ०,पुलँ मह॒त्त्वे
चुल्,चु०,सेट्,उ०,चुलँ समुच्च्रा॒ये
मूल्,चु०,सेट्,उ०,मूलँ रोह॑ने
कल्,चु०,सेट्,उ०,कलँ क्षेपे॑
विल्,चु०,सेट्,उ०,विलँ क्षेपे॑
बिल्,चु०,सेट्,उ०,बिलँ भेद॑ने
तिल्,चु०,सेट्,उ०,तिलँ स्नेह॑ने
चल्,चु०,सेट्,उ०,चलँ भृतौ॑
पाल्,चु०,सेट्,उ०,पालँ रक्ष॑णे
पल्,चु०,सेट्,उ०,पलँ रक्ष॑णे इत्येके॑
लूष्,चु०,सेट्,उ०,लूषँ हिं॒साया॑म्
शुल्ब्,चु०,सेट्,उ०,शुल्बँ माने॑
शूर्प्,चु०,सेट्,उ०,शूर्पँ च॑ माने॑
चुट्,चु०,सेट्,उ०,चुटँ चेद॑ने
मुट्,चु०,सेट्,उ०,मुटँ स॒ञ्चूर्ण॑ने
पिश्,चु०,सेट्,उ०,पिशँ नाश॑ने
पण्ड्,चु०,सेट्,उ०,पडिँ नाश॑ने
पंस्,चु०,सेट्,उ०,पसिँ नाश॑ने
पंश्,चु०,सेट्,उ०,पसिँ नाश॑ने इत्येके॑
व्रज्,चु०,सेट्,उ०,व्रजँ मार्गसंस्कारग॒त्योः
शुल्क्,चु०,सेट्,उ०,शुल्कँ अति॒सर्ज॑ने (अति॒स्पर्श॑ने)
चम्प्,चु०,सेट्,उ०,चपिँ गत्या॑म्
क्षम्प्,चु०,सेट्,उ०,क्षपिँ क्षान्त्या॑म्
क्षञ्ज्,चु०,सेट्,उ०,क्षजिँ कृच्च्रजीव॒ने
चञ्ज्,चु०,सेट्,उ०,चजिँ कृच्च्रजीव॒ने इत्येके॑
श्वर्त्,चु०,सेट्,उ०,श्वर्तँ गत्या॑म्
स्वर्त्,चु०,सेट्,उ०,स्वर्तँ गत्या॑म् इत्येके॑
श्वभ्र्,चु०,सेट्,उ०,श्वभ्रँ गत्या॑म् च॑
ज्ञप्,चु०,सेट्,उ०,ज्ञपँ ज्ञपँ ज्ञानज्ञापनमारणतोषणनिशाननिशाम॒नेषु॑
यम्,चु०,सेट्,उ०,यमँ यमँ च परि॒वेष॑णे चान्मित् 
चह्,चु०,सेट्,उ०,चहँ परि॒कल्प॑ने
चप्,चु०,सेट्,उ०,चपँ परि॒कल्प॑ने इत्येके॑
रह्,चु०,सेट्,उ०,रहँ त्या॒गे
बल्,चु०,सेट्,उ०,बलँ प्राण॑ने
चि,चु०,सेट्,उ०,चिञ् चय॑ने
घट्ट्,चु०,सेट्,उ०,घट्टँ चल॑ने
मुस्त्,चु०,सेट्,उ०,मुस्तँ सङ्घा॒ते
खट्ट्,चु०,सेट्,उ०,खट्टँ सं॒वर॑णे
सट्ट्,चु०,सेट्,उ०,षट्टँ हिं॒साया॑म्
स्फिट्,चु०,सेट्,उ०,स्फिट्टँ हिं॒साया॑म्
चुम्ब्,चु०,सेट्,उ०,चुबिँ हिं॒साया॑म्
पूल्,चु०,सेट्,उ०,पूलँ सङ्घा॒ते
पूर्ण्,चु०,सेट्,उ०,पूर्णँ सङ्घा॒ते इत्येके॑
पुण्,चु०,सेट्,उ०,पुणँ सङ्घा॒ते इत्य॒न्ये
पुंस्,चु०,सेट्,उ०,पुंसँ अभि॒वर्ध॑णे
टङ्क्,चु०,सेट्,उ०,टकिँ बन्ध॑ने
व्यप्,चु०,सेट्,उ०,व्यपँ क्षेपे॑
व्यय्,चु०,सेट्,उ०,व्ययँ क्षेपे॑ चत्येके॑
विप्,चु०,सेट्,उ०,विपँ क्षेपे॑ चेत्येके॑
धूस्,चु०,सेट्,उ०,धूसँ कान्तिकर॒णे
धूष्,चु०,सेट्,उ०,धूषँ कान्तिकर॒णे इत्येके॑
धूश्,चु०,सेट्,उ०,धूशँ कान्तिकर॒णे इत्यप॑रे
कीट्,चु०,सेट्,उ०,कीटँ वर्णे॑ (वर॑णे)
चूर्ण्,चु०,सेट्,उ०,चूर्णँ स॒ङ्कोच॑ने
पूज्,चु०,सेट्,उ०,पूजँ पू॒जाया॑म्
अर्क्,चु०,सेट्,उ०,अर्कँ स्तव॑ने
शुठ्,चु०,सेट्,उ०,शुठँ आल॑स्ये
शुण्ठ्,चु०,सेट्,उ०,शुठिँ शोष॑णे
जुड्,चु०,सेट्,उ०,जुडँ प्रेर॑णे
गज्,चु०,सेट्,उ०,गजँ शब्दा॑र्थः
मार्ज्,चु०,सेट्,उ०,मार्जँ शब्दा॑र्थौ
मर्च्,चु०,सेट्,उ०,मर्चँ शब्दा॑र्थः च॑
घृ,चु०,सेट्,उ०,घृ प्र॒स्रव॑णे स्राव॑ण॒ इत्येके॑ 
पञ्च्,चु०,सेट्,उ०,पचिँ विस्तारवच॒ने
तिज्,चु०,सेट्,उ०,तिजँ नि॒शाने॑ (नि॒शात॑ने)
कॄत्,चु०,सेट्,उ०,कॄतँ सं॒शब्द॑ने
वर्ध्,चु०,सेट्,उ०,वर्धँ चेदनपूर॒नयोः॑
कुम्ब्,चु०,सेट्,उ०,कुबिँ आ॒च्चाद॑ने (चाद॑ने)
कुम्भ्,चु०,सेट्,उ०,कुभिँ आ॒च्चाद॑ने (चाद॑ने) इत्येके॑
लुम्ब्,चु०,सेट्,उ०,लुबिँ अद॑र्शने अर्द॑न॒ इत्येके॑ 
तुम्ब्,चु०,सेट्,उ०,तुबिँ अद॑र्शने अर्द॑न॒ इत्येके॑ 
ह्लप्,चु०,सेट्,उ०,ह्लपँ व्य॑क्तायां वा॒चि
क्लप्,चु०,सेट्,उ०,क्लपँ व्य॑क्तायां वा॒चि इत्येके॑
ह्रप्,चु०,सेट्,उ०,ह्रपँ व्य॑क्तायां वा॒चि इत्य॒न्ये
चुण्ट्,चु०,सेट्,उ०,चुटिँ चेद॑ने
मृण्ड्,चु०,सेट्,उ०,मृडिँ प्रेर॑णे
तुण्ड्,चु०,सेट्,उ०,तुडिँ प्रेर॑णे
इल्,चु०,सेट्,उ०,इलँ प्रेर॑णे
म्रक्ष्,चु०,सेट्,उ०,म्रक्षँ म्लेच्च॑ने
म्रच्,चु०,सेट्,उ०,म्रचँ म्लेच्च॑ने इत्येके॑
म्लेच्,चु०,सेट्,उ०,म्लेचँ चेद॑ने म्लेचँ अव्य॑क्तायां वा॒चि 
म्रक्ष्,चु०,सेट्,उ०,म्रक्षँ चेद॑ने
ब्रूस्,चु०,सेट्,उ०,ब्रूसँ हिं॒साया॑म्
बर्ह्,चु०,सेट्,उ०,बर्हँ हिं॒साया॑म्
व्रूस्,चु०,सेट्,उ०,व्रूसँ हिं॒साया॑म् इत्येके
वर्ह्,चु०,सेट्,उ०,वर्हँ हिं॒साया॑म् इत्येके॑
व्रूष्,चु०,सेट्,उ०,व्रूषँ हिं॒साया॑म् इत्य॒न्ये
गर्ज्,चु०,सेट्,उ०,गर्जँ शब्दे॑
गर्द्,चु०,सेट्,उ०,गर्दँ शब्दे॑
गर्ध्,चु०,सेट्,उ०,गर्धँ अभिका॒ङ्क्षायाम्
गुर्द्,चु०,सेट्,उ०,गुर्दँ पूर्वनिकेत॒ने नि॒केत॑ने इत्यन्ये 
पूर्व्,चु०,सेट्,उ०,पूर्वँ नि॒केत॑ने इत्यन्ये
जंस्,चु०,सेट्,उ०,जसिँ रक्ष॑णे मोक्ष॑ण॒ इत्येके॑ 
ईड्,चु०,सेट्,उ०,ईडँ स्तुतौ॑
जस्,चु०,सेट्,उ०,जसुँ हिं॒साया॑म्
पिण्ड्,चु०,सेट्,उ०,पिडिँ सङ्घा॒ते
पिण्ठ्,चु०,सेट्,उ०,पिठिँ सङ्घा॒ते इत्येके॑
रुष्,चु०,सेट्,उ०,रुषँ रोषे॑
रुट्,चु०,सेट्,उ०,रुटँ रोषे॑ इत्येके॑
डिप्,चु०,सेट्,उ०,डिपँ क्षेपे॑
स्तुप्,चु०,सेट्,उ०,ष्टुपँ ष्टूपँ समुच्च्रा॒ये
स्तूप्,चु०,सेट्,उ०,ष्टूपँ समुच्च्रा॒ये इत्येके॑
चित्,चु०,सेट्,आ०,चितँ॒ स॒ञ्चेत॑ने  
दंश्,चु०,सेट्,आ०,दशिँ॒ दंश॑ने (दर्शनदंश॒नयोः॑)  
दंस्,चु०,सेट्,आ०,दसिँ॒ दर्शनदंश॒नयोः॑  
दस्,चु०,सेट्,आ०,दसँ॒ दर्शनदंश॒नयोः॑ इत्यप्येके॑  
डप्,चु०,सेट्,आ०,डपँ॒ सङ्घा॒ते  
डिप्,चु०,सेट्,आ०,डिपँ॒ सङ्घा॒ते  
तन्त्र्,चु०,सेट्,आ०,तत्रिँ॒ कुटुम्बधार॒णे  
मन्त्र्,चु०,सेट्,आ०,मत्रिँ॒ गुप्तपरिभाष॒णे  
स्पश्,चु०,सेट्,आ०,स्पशँ॒ ग्रहणसंश्लेष॒णयोः॑  
तर्ज्,चु०,सेट्,आ०,तर्जँ॒ स॒न्तर्ज॑ने (तर्ज॑ने)  
भर्त्स्,चु०,सेट्,आ०,भर्त्सँ॒ स॒न्तर्ज॑ने (तर्ज॑ने)  
बस्त्,चु०,सेट्,आ०,बस्तँ॒ अर्द॑ने  
गन्ध्,चु०,सेट्,आ०,गन्धँ॒ अर्द॑ने  
वस्त्,चु०,सेट्,आ०,वस्तँ॒ अर्द॑ने इत्येके॑  
हस्त्,चु०,सेट्,आ०,हस्तँ॒ अर्द॑ने इत्य॒न्ये  
विष्क्,चु०,सेट्,आ०,विष्कँ॒ हिं॒साया॑म्  
हिष्क्,चु०,सेट्,आ०,हिष्कँ॒ हिं॒साया॑म् इत्येके॑  
निष्क्,चु०,सेट्,आ०,निष्कँ॒ परि॒माणे॑  
लल्,चु०,सेट्,आ०,ललँ॒ ई॒प्साया॑म्  
कूण्,चु०,सेट्,आ०,कूणँ॒ स॒ङ्कोच॑ने  
तूण्,चु०,सेट्,आ०,तूणँ॒ पूर॑णे  
भ्रूण्,चु०,सेट्,आ०,भ्रूणँ॒ आशाविश॒ङ्कयोः॑ (आ॒शाया॑म्)  
शठ्,चु०,सेट्,आ०,शठँ॒ श्ला॒घाया॑म्  
यक्ष्,चु०,सेट्,आ०,यक्षँ॒ पू॒जाया॑म्  
स्यम्,चु०,सेट्,आ०,स्यमँ॒ वित॒र्के  
गूर्,चु०,सेट्,आ०,गूरँ॒ उ॒द्यम॑ने  
शम्,चु०,सेट्,आ०,शमँ॒ आ॒लोच॑ने  
लक्ष्,चु०,सेट्,आ०,लक्षँ॒ आ॒लोच॑ने  
कुत्स्,चु०,सेट्,आ०,कुत्सँ॒ अव॒क्षेप॑ने  
त्रुट्,चु०,सेट्,आ०,त्रुटँ॒ चेद॑ने  
कुट्,चु०,सेट्,आ०,कुटँ॒ चेद॑ने इत्येके॑  
गल्,चु०,सेट्,आ०,गलँ॒ स्रव॑णे  
भल्,चु०,सेट्,आ०,भलँ॒ आ॒भण्ड॑ने  
कूट्,चु०,सेट्,आ०,कूटँ॒ अप्र॑दाने    अव॒साद॑न॒ इत्येके॑
कुट्ट्,चु०,सेट्,आ०,कुट्टँ॒ प्र॒ताप॑ने  
वञ्च्,चु०,सेट्,आ०,वञ्चुँ॒ प्र॒लम्भ॑ने  
वृष्,चु०,सेट्,आ०,वृषँ॒ शक्तिबन्ध॒ने  
मद्,चु०,सेट्,आ०,मदँ॒ तृप्तियो॒गे  
दिव्,चु०,सेट्,आ०,दिवुँ॒ परि॒कूज॑ने  
गॄ,चु०,सेट्,आ०,गॄ वि॒ज्ञाने॑  
विद्,चु०,सेट्,आ०,विदँ॒ चेतनाख्याननिवा॒सेषु॑  
मन्,चु०,सेट्,आ०,मानँ॒ स्त॒म्भे  
मान्,चु०,सेट्,आ०,मनँ॒ स्त॒म्भे इत्येके॑  
यु,चु०,सेट्,आ०,यु जुगु॒प्साया॑म्  
कुस्म्,चु०,सेट्,आ०,कुस्मँ॒ नाम्नो॑ वा    कुत्सिस्मय॒ने
चर्च्,चु०,सेट्,उ०,चर्चँ अ॒ध्यय॑ने
बुक्क्,चु०,सेट्,उ०,बुक्कँ भाष॑णे
शब्द्,चु०,सेट्,उ०,शब्दँ भाष॑णे (शब्दक्रि॒याया॑म्) उपस॒र्गादा॑विष्का॒रे च॑ 
कण्,चु०,सेट्,उ०,कणँ नि॒मील॑ने
जम्भ्,चु०,सेट्,उ०,जभिँ नाश॑ने
सूद्,चु०,सेट्,उ०,षूदँ क्षर॑णे
जस्,चु०,सेट्,उ०,जसुँ ताड॑ने
पश्,चु०,सेट्,उ०,पशँ बन्ध॑ने
अम्,चु०,सेट्,उ०,अमँ रोगे॑
चट्,चु०,सेट्,उ०,चटँ भेद॑ने
स्फुट्,चु०,सेट्,उ०,स्फुटँ भेद॑ने
घट्,चु०,सेट्,उ०,घटँ सङ्घा॒ते हन्त्य॑र्थाश्च 
दिव्,चु०,सेट्,उ०,दिवुँ मर्द॑ने
अर्ज्,चु०,सेट्,उ०,अर्जँ प्रतिय॒त्ने (स॒म्पाद॑ने च)
घुष्,चु०,सेट्,उ०,घुषिँर् वि॒शब्द॑ने
आक्रन्द्  आङ्क्रन्द्,चु०,सेट्,उ०,आङः॑ क्रन्दँ सात॑त्ये 
लस्,चु०,सेट्,उ०,लसँ शिल्पयो॒गे
तंस्,चु०,सेट्,उ०,तसिँ अलङ्का॒रे
भूष्,चु०,सेट्,उ०,भूषँ अलङ्का॒रे
मोक्ष्,चु०,सेट्,उ०,मोक्षँ आस॑ने (अस॑ने)
अर्ह्,चु०,सेट्,उ०,अर्हँ पू॒जाया॑म्
ज्ञा,चु०,सेट्,उ०,ज्ञा नियो॒गे
भज्,चु०,सेट्,उ०,भजँ वि॒श्राण॑ने
शृध्,चु०,सेट्,उ०,शृधुँ प्र॒सह॑ने
यत्,चु०,सेट्,उ०,यतँ निकारोपस्का॒रयोः॑
रक्,चु०,सेट्,उ०,रकँ आ॒स्वाद॑ने
लग्,चु०,सेट्,उ०,लगँ आ॒स्वाद॑ने
रघ्,चु०,सेट्,उ०,रघँ आ॒स्वाद॑ने इत्येके॑
रग्,चु०,सेट्,उ०,रगँ आ॒स्वाद॑ने इत्य॒न्ये
अञ्च्,चु०,सेट्,उ०,अञ्चुँ वि॒शेष॑णे
लिङ्ग्,चु०,सेट्,उ०,लिगिँ चित्री॒कर॑णे
मुद्,चु०,सेट्,उ०,मुदँ संस॒र्गे
त्रस्,चु०,सेट्,उ०,त्रसँ धार॑णे      ग्रह॑ण॒ इत्येके॑    वार॑ण॒ इत्य॒न्ये (धारणग्रहणवार॒णेषु॑) 
ध्रस्,चु०,सेट्,उ०,उँध्रसँ उघ्रसँ उ॒ञ्चे
उध्रस्,चु०,सेट्,उ०,उघ्रसँ उ॒ञ्चे इत्येके॑
मुच्,चु०,सेट्,उ०,मुचँ प्र॒मोच॑ने॒ मोद॑ने च (प्रमोचनमोद॒नयोः॑)
वस्,चु०,सेट्,उ०,वसँ स्नेहच्चेदापहर॒णेषु॑
चर्,चु०,सेट्,उ०,चरँ संश॒ये
च्यु,चु०,सेट्,उ०,च्यु हस॑ने॒ सह॑ने॒ चेत्येके॑ 
व्युस्,चु०,सेट्,उ०,व्युसँ हस॑ने॒ सह॑ने॒ चेत्येके॑ इत्येके॑ 
भू,चु०,सेट्,उ०,भु॒वोव॒कल्क॑ने      मिश्री॒कर॑ण॒ इत्येके॑    चिन्त॑न॒ इत्य॒न्ये 
कृप्,चु०,सेट्,उ०,कृ॒पेश्च॑ अव॒कल्क॑ने      मिश्री॒कर॑ण॒ इत्येके॑    चिन्त॑न॒ इत्य॒न्ये 
ग्रस्,चु०,सेट्,उ०,ग्रसँ ग्रह॑णे
पुष्,चु०,सेट्,उ०,पुषँ धार॑णे
दल्,चु०,सेट्,उ०,दलँ वि॒दार॑णे
पट्,चु०,सेट्,उ०,पटँ भा॒षार्थः॑
पुट्,चु०,सेट्,उ०,पुटँ भा॒षार्थः॑
लुट्,चु०,सेट्,उ०,लुटँ भा॒षार्थः॑
तुञ्ज्,चु०,सेट्,उ०,तुजिँ भा॒षार्थः॑
मिञ्ज्,चु०,सेट्,उ०,मिजिँ भा॒षार्थः॑
पिञ्ज्,चु०,सेट्,उ०,पिजिँ भा॒षार्थः॑
लिञ्ज्,चु०,सेट्,उ०,लिजिँ भा॒षार्थः॑
लुञ्ज्,चु०,सेट्,उ०,लुजिँ भा॒षार्थः॑
भञ्ज्,चु०,सेट्,उ०,भजिँ भा॒षार्थः॑
लङ्घ्,चु०,सेट्,उ०,लघिँ भा॒षार्थः॑
त्रंस्,चु०,सेट्,उ०,त्रसिँ भा॒षार्थः॑
पिंस्,चु०,सेट्,उ०,पिसिँ भा॒षार्थः॑
कुंस्,चु०,सेट्,उ०,कुसिँ भा॒षार्थः॑
दंश्,चु०,सेट्,उ०,दशिँ भा॒षार्थः॑
कुंश्,चु०,सेट्,उ०,कुशिँ भा॒षार्थः॑
घट्,चु०,सेट्,उ०,घटँ भा॒षार्थः॑
घण्ट्,चु०,सेट्,उ०,घटिँ भा॒षार्थः॑
बृंह्,चु०,सेट्,उ०,बृहिँ (वृहिँ) भा॒षार्थः॑
वृंह्,चु०,सेट्,उ०,बृहिँ (वृहिँ) भा॒षार्थः॑
बर्ह्,चु०,सेट्,उ०,बर्हँ (वर्हँ) भा॒षार्थः॑
वर्ह्,चु०,सेट्,उ०,बर्हँ (वर्हँ) भा॒षार्थः॑
बल्ह्,चु०,सेट्,उ०,बल्हँ (वल्हँ) भा॒षार्थः॑
वल्ह्,चु०,सेट्,उ०,बल्हँ (वल्हँ) भा॒षार्थः॑
गुप्,चु०,सेट्,उ०,गुपँ भा॒षार्थः॑
धुप्,चु०,सेट्,उ०,धूपँ धुपँ भा॒षार्थः॑
धूप्,चु०,सेट्,उ०,धूपँ (धुपँ) भा॒षार्थः॑
विच्,चु०,सेट्,उ०,विचँ भा॒षार्थः॑
चीब्,चु०,सेट्,उ०,चीवँ (चीबँ) भा॒षार्थः॑
चीव्,चु०,सेट्,उ०,चीवँ (चीबँ) भा॒षार्थः॑
पुथ्,चु०,सेट्,उ०,पुथँ भा॒षार्थः॑
लोक्,चु०,सेट्,उ०,लोकृँ भा॒षार्थः॑
लोच्,चु०,सेट्,उ०,लोचृँ भा॒षार्थः॑
नड्,चु०,सेट्,उ०,णडँ भा॒षार्थः॑
कुप्,चु०,सेट्,उ०,कुपँ भा॒षार्थः॑
तर्क्,चु०,सेट्,उ०,तर्कँ भा॒षार्थः॑
वृत्,चु०,सेट्,उ०,वृतुँ भा॒षार्थः॑
वृध्,चु०,सेट्,उ०,वृधुँ भा॒षार्थाः॑
रुट्,चु०,सेट्,उ०,रुटँ भा॒षार्थः॑ च
लञ्ज्,चु०,सेट्,उ०,लजिँ भा॒षार्थः॑ च
अञ्ज्,चु०,सेट्,उ०,अजिँ भा॒षार्थः॑ च
दंस्,चु०,सेट्,उ०,दसिँ भा॒षार्थः॑ च
भृंश्,चु०,सेट्,उ०,भृशिँ भा॒षार्थः॑ च
रुंश्,चु०,सेट्,उ०,रुशिँ भा॒षार्थः॑ च
शीक्,चु०,सेट्,उ०,शीकँ भा॒षार्थः॑ च
रुंस्,चु०,सेट्,उ०,रुसिँ भा॒षार्थः॑ च
नट्,चु०,सेट्,उ०,नटँ भा॒षार्थः॑ च
पुण्ट्,चु०,सेट्,उ०,पुटिँ भा॒षार्थः॑ च
जि,चु०,सेट्,उ०,जि भा॒षार्थः॑ च
चि,चु०,सेट्,उ०,चि (जुचिँ जिविँ) भा॒षार्थः॑ च
जिन्व्,चु०,सेट्,उ०,चि (जुचिँ जिविँ) भा॒षार्थः॑ च
जुञ्च्,चु०,सेट्,उ०,चि (जुचिँ जिविँ) भा॒षार्थः॑ च
रङ्घ्,चु०,सेट्,उ०,रघिँ भा॒षार्थः॑ च
लङ्घ्,चु०,सेट्,उ०,लघिँ भा॒षार्थः॑ च
अंह्,चु०,सेट्,उ०,अहिँ भा॒षार्थः॑ च
रंह्,चु०,सेट्,उ०,रहिँ भा॒षार्थः॑ च
मंह्,चु०,सेट्,उ०,महिँ भा॒षार्थः॑ च
लण्ड्,चु०,सेट्,उ०,लडिँ भा॒षार्थः॑ च
तण्ड्,चु०,सेट्,उ०,तडँ भा॒षार्थः॑ च
नल्,चु०,सेट्,उ०,नलँ  भा॒षार्थः॑ च
पूर्,चु०,सेट्,उ०,पूरीँ आ॒प्याय॑ने
रुज्,चु०,सेट्,उ०,रुजँ हिं॒साया॑म्
स्वद्,चु०,सेट्,उ०,ष्वदँ आ॒स्वाद॑ने
स्वाद्,चु०,सेट्,उ०,स्वादँ आ॒स्वाद॑ने इत्येके॑
युज्,चु०,सेट्,उ०,युजँ सं॒यम॑ने
पृच्,चु०,सेट्,उ०,पृचँ सं॒यम॑ने
अर्च्,चु०,सेट्,उ०,अर्चँ पू॒जाया॑म्
सह्,चु०,सेट्,उ०,षहँ मर्ष॑णे
ईर्,चु०,सेट्,उ०,ईरँ क्षेपे॑
ली,चु०,सेट्,उ०,ली द्रवी॒कर॑णे
वृज्,चु०,सेट्,उ०,वृजीँ वर्ज॑ने
वृ,चु०,सेट्,उ०,वृञ् आ॒वर॑णे
जॄ,चु०,सेट्,उ०,जॄ वयोहा॒नौ
ज्रि,चु०,सेट्,उ०,ज्रि वयोहा॒नौ च
रिच्,चु०,सेट्,उ०,रिचँ वियोजनसम्पर्च॒नयोः॑
शिष्,चु०,सेट्,उ०,शिषँ असर्वोपयो॒गे
तप्,चु०,सेट्,उ०,तपँ दाः॒ए
तृप्,चु०,सेट्,उ०,तृपँ तृप्तौ॑ स॒न्दीप॑न॒ इत्येके॑ 
चृद्,चु०,सेट्,उ०,चृदीँ स॒न्दीप॑ने
चृप्,चु०,सेट्,उ०,चृपँ स॒न्दीप॑ने (इत्येके॑)
चृप्,चु०,सेट्,उ०,चृपँ स॒न्दीप॑ने (इत्येके॑)
तृप्,चु०,सेट्,उ०,तृपँ स॒न्दीप॑ने (इत्येके॑)
दृप्,चु०,सेट्,उ०,दृपँ स॒न्दीप॑ने इत्येके॑
दृभ्,चु०,सेट्,उ०,दृभीँ भ॒ये (ग्र॒न्थे)
दृभ्,चु०,सेट्,उ०,दृभँ सन्द॒र्भे
चद्,चु०,सेट्,उ०,चदँ सं॒वर॑णे
श्रथ्,चु०,सेट्,उ०,श्रथँ मोक्ष॑णे हिं॒साया॒मित्येके॑ 
मी,चु०,सेट्,उ०,मी गतौ॑
ग्रन्थ्,चु०,सेट्,उ०,ग्रन्थँ बन्ध॑ने
शीक्,चु०,सेट्,उ०,शीकँ आ॒मर्ष॑णे
चीक्,चु०,सेट्,उ०,चीकँ आ॒मर्ष॑णे च
अर्द्,चु०,सेट्,उ०,अर्दँ (अर्दँ॑) हिं॒साया॑म्
हिंस्,चु०,सेट्,उ०,हिसिँ हिं॒साया॑म्
अर्ह्,चु०,सेट्,उ०,अर्हँ पू॒जाया॑म्
आसद्  आङ्सद्,चु०,सेट्,उ०,आ॒ङः षदँ पद्य॒र्थे 
शुन्ध्,चु०,सेट्,उ०,शुन्धँ शौचक॒र्मणि॑
चद्,चु०,सेट्,उ०,चदँ अप॒वार॑णे
जुष्,चु०,सेट्,उ०,जुषँ परि॒तर्क॑ने परि॒तर्प॑ण॒ इत्य॒न्ये 
धू,चु०,सेट्,उ०,धूञ् कम्प॑ने
प्री,चु०,सेट्,उ०,प्रीञ् तर्प॑ने
श्रन्थ्,चु०,सेट्,उ०,श्रन्थँ सन्द॒र्भे
ग्रन्थ्,चु०,सेट्,उ०,ग्रन्थँ सन्द॒र्भे
आप्,चु०,सेट्,उ०,आपॢँ (आपॢँ॑) लम्भ॑ने
तन्,चु०,सेट्,उ०,तनुँ श्रद्धोपकर॒णयोः उपस॒र्गाच्च॒ दैर्घ्ये॑ 
चन्,चु०,सेट्,उ०,चनँ श्रद्धोपहन॒नयो॒रित्येके॑
वद्,चु०,सेट्,उ०,वदँ॑ (वदँ॒) सन्देशवच॒ने
वच्,चु०,सेट्,उ०,वचँ परि॒भाष॑णे
मान्,चु०,सेट्,उ०,मानँ पू॒जाया॑म्
भू,चु०,सेट्,उ०,भू प्राप्तौ
गर्ह्,चु०,सेट्,उ०,गर्हँ वि॒निन्द॑ने
मार्ग्,चु०,सेट्,उ०,मार्गँ अ॒न्वेष॑णे
उत्कण्ठ्,चु०,सेट्,उ०,कठिँ शोके॑      प्राये॒णोत्पू॑र्व उत्क॒ण्ठाव॑चनः   
कण्ठ्,चु०,सेट्,उ०,कठिँ शोके॑ प्राये॒णोत्पू॑र्व उत्क॒ण्ठाव॑चनः 
मृज्,चु०,सेट्,उ०,मृजूँ शौचालङ्का॒रयोः॑
मृष्,चु०,सेट्,उ०,मृषँ॑ (मृषँ॒) तिति॒क्षाया॑म्
धृष्,चु०,सेट्,उ०,धृषँ प्र॒सह॑ने
कथ (कथ्),चु०,सेट्,उ०,कथँ वाक्यप्रब॒न्धे (वाक्यप्रबन्ध॒ने)
वर (वर्),चु०,सेट्,उ०,वरँ ई॒प्साया॑म्
गण (गण्),चु०,सेट्,उ०,गणँ स॒ङ्ख्याने॑
शठ (शठ्),चु०,सेट्,उ०,शठँ सम्यगव॒भाष॑णे
श्वठ (श्वठ्),चु०,सेट्,उ०,श्वठँ सम्यगव॒भाष॑णे
पट (पट्),चु०,सेट्,उ०,पटँ ग्र॒न्थे
वट (वट्),चु०,सेट्,उ०,वटँ ग्र॒न्थे
रह (रह्),चु०,सेट्,उ०,रहँ त्या॒गे
रङ्ग (रङ्ग्),चु०,सेट्,उ०,रङ्गँ गतौ॑
स्तन (स्तन्),चु०,सेट्,उ०,स्तनँ देवश॒ब्दे
गद (गद्),चु०,सेट्,उ०,गदीँ देवश॒ब्दे
पत (पत्),चु०,सेट्,उ०,पतँ देवश॒ब्दे गतौ॑ (वा) वाद॑न्त॒ इत्येके॑ 
पष (पष्),चु०,सेट्,उ०,पषँ अनु॑पसर्गात् (गतौ॑)
स्वर (स्वर्),चु०,सेट्,उ०,स्वरँ आक्षे॒पे
रच (रच्),चु०,सेट्,उ०,रचँ प्रतिय॒त्ने
कल (कल्),चु०,सेट्,उ०,कलँ गतौ॑ स॒ङ्ख्याने॑ च
चह (चह्),चु०,सेट्,उ०,चहँ परि॒कल्क॑ने
मह (मह्),चु०,सेट्,उ०,महँ पू॒जाया॑म्
सर (सर्),चु०,सेट्,उ०,सारँ (सरँ) दौर्ब॑ल्ये
सार (सार्),चु०,सेट्,उ०,सारँ (सरँ) दौर्ब॑ल्ये
कृप (कृप्),चु०,सेट्,उ०,कृपँ दौर्ब॑ल्ये
श्रथ (श्रथ्),चु०,सेट्,उ०,श्रथँ दौर्ब॑ल्ये
स्पृह (स्पृह्),चु०,सेट्,उ०,स्पृहँ ई॒प्साया॑म्
भाम (भाम्),चु०,सेट्,उ०,भामँ क्रोधे॑
सूच (सूच्),चु०,सेट्,उ०,सूचँ पैशु॑न्ये
खेट (खेट्),चु०,सेट्,उ०,खेटँ भक्ष॑णे
खेड (खेड्),चु०,सेट्,उ०,खेडँ भक्ष॑णे इत्येके॑
खोट (खोट्),चु०,सेट्,उ०,खोटँ भक्ष॑णे इत्य॒न्ये
क्षोट (क्षोट्),चु०,सेट्,उ०,क्षोटँ क्षेपे॑
गोम (गोम्),चु०,सेट्,उ०,गोमँ उप॒लेप॑ने
कुमार (कुमार्),चु०,सेट्,उ०,कुमारँ क्री॒डाया॑म्
शील (शील्),चु०,सेट्,उ०,शीलँ उप॒धार॑णे
साम (साम्),चु०,सेट्,उ०,सामँ सान्त्वप्रयो॒गे
वेल (वेल्),चु०,सेट्,उ०,वेलँ कालोपदे॒शे
काल (काल्),चु०,सेट्,उ०,कालँ कालोपदे॒शे च इति॒ पृथ॒ग्धातु॒रित्येके॑ 
पल्यूल (पल्यूल्),चु०,सेट्,उ०,पल्यूलँ लवनपव॒नयोः॑
वात (वात्),चु०,सेट्,उ०,वातँ सुखसेव॒नयोः॑
गवेष (गवेष्),चु०,सेट्,उ०,गवेषँ मार्ग॑णे
वास (वास्),चु०,सेट्,उ०,वासँ उपसे॒वाया॑म्
निवास (निवास्),चु०,सेट्,उ०,निवासँ आ॒च्चाद॑ने
भाज (भाज्),चु०,सेट्,उ०,भाजँ पृथक्क॒र्मणि॑
समाज (समाज्),चु०,सेट्,उ०,सभाजँ प्रीतिदर्श॒नयोः॑ प्रीतिसेव॒नयो॒रित्येके॑ 
ऊन (ऊन्),चु०,सेट्,उ०,ऊनँ परिहा॒णे
ध्वन (ध्वन्),चु०,सेट्,उ०,ध्वनँ शब्दे॑
कूट (कूट्),चु०,सेट्,उ०,कूटँ परिता॒पे परिदाः॒अ इत्य॒न्ये 
सङ्केत (सङ्केत्),चु०,सेट्,उ०,सङ्केतँ आमन्त्र॑णे
ग्राम (ग्राम्),चु०,सेट्,उ०,ग्रामँ आ॒मन्त्र॑णे
कुण (कुण्),चु०,सेट्,उ०,कुणँ आ॒मन्त्र॑णे
गुण (गुण्),चु०,सेट्,उ०,गुणँ चा॒मन्त्र॑णे
केत (केत्),चु०,सेट्,उ०,केतँ श्राव॑णे नि॒मन्त्र॑णे च
कूण (कूण्),चु०,सेट्,उ०,कूणँ श्राव॑णे नि॒मन्त्र॑णे च स॒ङ्कोच॒नेपि॑
स्तेन (स्तेन्),चु०,सेट्,उ०,स्तेनँ चौर्ये॑
पद (पद्),चु०,सेट्,आ०,पदँ॒ गतौ॑  
गृह (गृह्),चु०,सेट्,आ०,गृहँ॒ ग्रह॑णे  
मृग (मृग्),चु०,सेट्,आ०,मृगँ॒ अ॒न्वेष॑णे  
कुह (कुह्),चु०,सेट्,आ०,कुहँ॒ वि॒स्माप॑ने  
शूर (शूर्),चु०,सेट्,आ०,शूरँ॒ विक्रा॑न्तौ  
वीर (वीर्),चु०,सेट्,आ०,वीरँ॒ विक्रा॑न्तौ  
स्थूल (स्थूल्),चु०,सेट्,आ०,स्थूलँ॒ परि॒बृंह॑णे  
अर्थ (अर्थ्),चु०,सेट्,आ०,अर्थँ॒ उपया॒च्ञाया॑म्  
सत्त्र (सत्त्र्),चु०,सेट्,आ०,सत्रँ॒ (सत्त्रँ॒) सन्तानक्रि॒याया॑म्  
सत्र (सत्र्),चु०,सेट्,आ०,सत्रँ॒ (सत्त्रँ॒) सन्तानक्रि॒याया॑म्  
गर्व (गर्व्),चु०,सेट्,आ०,गर्वँ॒ माने॑  
सूत्र (सूत्र्),चु०,सेट्,उ०,सूत्रँ वेष्ट॑ने वि॒मोच॑न॒ इत्य॒न्ये 
मूत्र (मूत्र्),चु०,सेट्,उ०,मूत्रँ प्र॒स्रव॑णे
रूक्ष (रूक्ष्),चु०,सेट्,उ०,रूक्षँ पारु॑ष्ये
पार (पार्),चु०,सेट्,उ०,पारँ कर्मसमा॒प्तौ
तीर (तीर्),चु०,सेट्,उ०,तीरँ कर्मसमा॒प्तौ
पुट (पुट्),चु०,सेट्,उ०,पुटँ संस॒र्गे
कत्त्र (कत्त्र्),चु०,सेट्,उ०,कत्रँ (कत्त्रँ) शैथि॑ल्ये
कत्र (कत्र्),चु०,सेट्,उ०,कत्रँ (कत्त्रँ) शैथि॑ल्ये
कर्त (कर्त्),चु०,सेट्,उ०,कर्तँ इत्यप्येके॑
बष्क (बष्क्),चु०,सेट्,उ०,बष्कँ दर्श॑ने
चित्र (चित्र्),चु०,सेट्,उ०,चित्रँ चित्री॒कर॑णे क॒दाचि॒द्दर्श॑ने 
अंस (अंस्),चु०,सेट्,उ०,अंसँ समाघा॒ते  
वट (वट्),चु०,सेट्,उ०,वटँ वि॒भाज॑ने
रट (रट्),चु०,सेट्,उ०,रटँ परि॒भाष॑णे
लज (लज्),चु०,सेट्,उ०,लजँ प्र॒काश॑ने
वण्ट् (वण्ट्),चु०,सेट्,उ०,वटिँ प्र॒काश॑ने इत्येके॑
लञ्ज् (लञ्ज्),चु०,सेट्,उ०,लजिँ प्र॒काश॑ने इत्येके॑
मिश्र (मिश्र्),चु०,सेट्,उ०,मिश्रँ सम्प॒र्के
सङ्ग्राम (सङ्ग्राम्),चु०,सेट्,उ०,सङ्ग्रामँ॒ यु॒द्धे    अ॒यमनु॑दात्तेत्     
स्तोम (स्तोम्),चु०,सेट्,उ०,स्तोमँ श्ला॒घाया॑म्
चिद्र (चिद्र्),चु०,सेट्,उ०,चिद्रँ कर्णभेद॒ने करणभेद॒न इत्येके॑ 
कर्ण (कर्ण्),चु०,सेट्,उ०,कर्णँ भेद॑ने (इति धात्वन्त॒रमित्यप॑रे)
अन्ध (अन्ध्),चु०,सेट्,उ०,अन्धँ दृष्ट्युपघा॒ते      उपसंहा॒र इत्य॒न्ये   
दण्ड (दण्ड्),चु०,सेट्,उ०,दण्डँ दण्डनिपा॒ते
अङ्क (अङ्क्),चु०,सेट्,उ०,अङ्कँ प॒दे लक्ष॑णे च
अङ्ग (अङ्ग्),चु०,सेट्,उ०,अङ्गँ प॒दे लक्ष॑णे च
सुख (सुख्),चु०,सेट्,उ०,सुखँ तत्क्रि॒याया॑म्
दुःख (दुःख्),चु०,सेट्,उ०,दुःखँ तत्क्रि॒याया॑म्
रस (रस्),चु०,सेट्,उ०,रसँ आस्वादनस्नेह॒नयोः॑
व्यय (व्यय्),चु०,सेट्,उ०,व्ययँ वित्तसमुत्स॒र्गे
रूप (रूप्),चु०,सेट्,उ०,रूपँ रूपक्रि॒याया॑म्
चेद (चेद्),चु०,सेट्,उ०,चेदँ द्वैधी॒कर॑णे
चद (चद्),चु०,सेट्,उ०,चदँ अप॒वार॑णे
लाभ (लाभ्),चु०,सेट्,उ०,लाभँ प्रेर॑णे
व्रण (व्रण्),चु०,सेट्,उ०,व्रणँ गात्रविचूर्ण॒ने
वर्ण (वर्ण्),चु०,सेट्,उ०,वर्णँ वर्णक्रियाविस्तारगुणवच॒नेषु॑ बहु॒लमे॒तन्नि॒दर्श॑न॒म् (इत्येके॑) 
पर्ण (पर्ण्),चु०,सेट्,उ०,पर्णँ हरितभा॒वे
विष्क (विष्क्),चु०,सेट्,उ०,विष्कँ दर्श॑ने
क्षप (क्षप्),चु०,सेट्,उ०,क्षपँ प्रेर॑णे
वस (वस्),चु०,सेट्,उ०,वसँ निवा॒से
तुत्थ (तुत्थ्),चु०,सेट्,उ०,तुत्थँ आ॒वर॑णे
